country,Purchasing Power Value,Purchasing Power Category,Safety Value,Safety Category,Health Care Value,Health Care Category,Climate Value,Climate Category,Cost of Living Value,Cost of Living Category,Property Price to Income Value,Property Price to Income Category,Traffic Commute Time Value,Traffic Commute Time Category,Pollution Value,Pollution Category,Quality of Life Value,Quality of Life Category,Imputed values count,Continent
Afghanistan,32.15,Very Low,25.33,Low,24.24,Low,83.69,Very High,21.08,Very Low,7.8,Low,56.17,Very High,84.44,Very High,76.26,Very Low,2,Asia
Albania,42.82,Low,55.52,Moderate,48.21,Moderate,86.43,Very High,40.85,Low,14.88,High,36.74,Moderate,77.25,High,104.16,Low,0,Europe
Algeria,27.6,Very Low,47.54,Moderate,54.43,Moderate,94.82,Very High,25.31,Very Low,21.7,Very High,45.09,High,63.87,High,98.83,Very Low,0,Africa
American Samoa,57.08,Low,54.41,Moderate,56.67,Moderate,77.55,High,51.07,Low,34.92,Very High,100.0,Very High,78.45,High,68.23,Very Low,6,Oceania
Andorra,121.14,Very High,84.71,Very High,75.56,High,72.82,High,48.09,Low,9.03,Moderate,13.33,Very Low,22.98,Low,194.2,Very High,2,Europe
Angola,224.46,Very High,33.71,Low,36.58,Low,63.68,High,42.57,Low,8.01,Moderate,65.43,Very High,92.07,Very High,119.82,Low,2,Africa
Anguilla,113.86,Very High,75.44,High,77.08,High,74.43,High,56.88,Low,1.84,Very Low,25.46,Very Low,21.1,Very Low,196.57,Very High,6,North America
Antigua And Barbuda,45.4,Low,42.86,Moderate,30.56,Low,78.38,High,40.16,Low,8.01,Moderate,35.0,Moderate,43.1,Moderate,110.02,Low,5,North America
Argentina,40.36,Low,36.36,Low,68.0,High,98.28,Very High,32.65,Very Low,20.05,Very High,44.07,High,50.81,Moderate,115.06,Low,0,South America
Armenia,36.91,Very Low,77.81,High,58.07,Moderate,63.42,High,41.84,Low,20.95,Very High,29.31,Low,62.55,High,116.56,Low,0,Asia
Aruba,71.46,Moderate,69.23,High,78.7,High,68.71,High,79.42,High,5.32,Low,46.33,High,35.7,Low,165.33,Very High,2,North America
Australia,137.58,Very High,52.71,Moderate,73.35,High,93.8,Very High,64.5,Moderate,8.25,Moderate,37.48,Moderate,26.8,Low,190.69,Very High,0,Oceania
Austria,109.08,High,70.38,High,77.83,High,77.4,High,62.22,Moderate,11.76,Moderate,23.77,Very Low,20.73,Low,192.07,Very High,0,Europe
Azerbaijan,41.75,Low,68.12,High,48.31,Moderate,91.4,Very High,30.26,Very Low,15.24,High,40.63,Moderate,72.69,High,113.51,Low,0,Asia
Bahamas,58.59,Low,43.76,Moderate,39.52,Low,87.01,Very High,81.3,High,5.32,Low,27.69,Low,61.34,High,124.76,Moderate,2,North America
Bahrain,114.56,Very High,75.28,High,66.6,High,64.31,High,48.79,Low,4.9,Very Low,30.74,Low,71.57,High,158.68,High,0,Asia
Bangladesh,36.16,Very Low,38.79,Low,42.2,Moderate,71.29,High,20.76,Very Low,12.26,High,57.57,Very High,85.31,Very High,74.51,Very Low,0,Asia
Barbados,46.93,Low,55.14,Moderate,71.88,High,84.18,Very High,70.6,Moderate,14.67,High,36.67,Moderate,24.39,Low,165.16,Very High,2,North America
Belarus,56.24,Low,49.99,Moderate,48.5,Moderate,64.37,High,25.11,Very Low,12.79,High,31.2,Low,44.94,Moderate,127.48,Moderate,0,Europe
Belgium,118.62,Very High,50.42,Moderate,75.76,High,86.03,Very High,57.41,Low,6.82,Low,35.19,Moderate,49.45,Moderate,168.52,Very High,0,Europe
Belize,43.83,Low,47.47,Moderate,47.37,Moderate,81.46,Very High,37.17,Very Low,6.06,Low,12.75,Very Low,52.8,Moderate,133.2,Moderate,4,North America
Benin,37.11,Very Low,62.16,High,51.39,Moderate,62.15,High,30.44,Very Low,21.38,Very High,26.0,Very Low,97.41,Very High,77.22,Very Low,5,Africa
Bermuda,108.79,High,63.7,High,70.61,High,71.29,High,124.77,Very High,6.85,Low,35.7,Moderate,14.95,Very Low,193.44,Very High,2,North America
Bhutan,74.38,Moderate,70.45,High,73.28,High,81.39,Very High,24.92,Very Low,14.07,High,2.95,Very Low,48.82,Moderate,167.55,Very High,2,Asia
Bolivia,43.04,Low,35.0,Low,45.98,Moderate,81.4,Very High,25.28,Very Low,12.54,High,39.94,Moderate,71.92,High,92.12,Very Low,2,South America
Bosnia And Herzegovina,63.66,Moderate,58.3,Moderate,55.62,Moderate,80.48,Very High,32.01,Very Low,13.12,High,26.15,Very Low,59.68,Moderate,134.51,Moderate,0,Europe
Botswana,64.6,Moderate,47.3,Moderate,61.12,High,88.87,Very High,40.05,Low,118.01,Very High,28.53,Low,46.09,Moderate,36.55,Very Low,0,Africa
Brazil,42.13,Low,35.36,Low,59.21,Moderate,94.31,Very High,27.14,Very Low,15.4,High,40.63,Moderate,52.84,Moderate,115.99,Low,0,South America
British Virgin Islands,53.58,Low,59.31,Moderate,57.45,Moderate,72.31,High,32.54,Very Low,8.21,Moderate,40.68,Moderate,68.1,High,117.77,Low,7,North America
Brunei,119.26,Very High,70.7,High,75.37,High,81.89,Very High,46.73,Low,6.97,Low,27.3,Low,35.49,Low,181.14,Very High,2,Asia
Bulgaria,77.66,Moderate,63.73,High,58.15,Moderate,82.76,Very High,35.86,Very Low,9.22,Moderate,29.05,Low,62.94,High,144.49,Moderate,0,Europe
Burkina Faso,42.98,Low,61.16,High,49.31,Moderate,77.56,High,39.0,Very Low,1.25,Very Low,50.0,High,65.62,High,99.25,Very Low,5,Africa
Burundi,22.23,Very Low,43.44,Moderate,34.44,Low,68.91,High,46.64,Low,20.67,Very High,33.0,Low,87.84,Very High,67.96,Very Low,4,Africa
Cambodia,26.95,Very Low,48.19,Moderate,50.71,Moderate,59.43,Moderate,34.38,Very Low,26.77,Very High,28.0,Low,77.77,High,78.92,Very Low,0,Asia
Cameroon,10.02,Very Low,34.53,Low,45.53,Moderate,82.95,Very High,37.61,Very Low,46.06,Very High,46.0,High,93.71,Very High,58.94,Very Low,2,Africa
Canada,111.31,Very High,54.34,Moderate,68.82,High,55.41,Moderate,60.55,Moderate,10.47,Moderate,33.53,Low,29.8,Low,164.54,Very High,0,North America
Cape Verde,18.09,Very Low,49.87,Moderate,67.71,High,75.71,High,38.51,Very Low,17.12,Very High,15.33,Very Low,81.03,Very High,104.92,Low,2,Africa
Cayman Islands,123.25,Very High,69.25,High,62.28,High,71.29,High,108.7,Very High,8.64,Moderate,18.89,Very Low,23.96,Low,193.44,Very High,2,North America
Central African Republic,26.62,Very Low,15.89,Very Low,41.67,Moderate,63.58,High,45.85,Low,8.5,Moderate,5.0,Very Low,84.83,Very High,82.52,Very Low,4,Africa
Chad,20.21,Very Low,32.16,Low,44.21,Moderate,83.25,Very High,46.23,Low,2.69,Very Low,6.0,Very Low,60.56,High,104.57,Low,2,Africa
Chile,51.47,Low,39.55,Low,63.52,High,90.21,Very High,36.29,Very Low,16.03,Very High,36.04,Moderate,77.51,High,106.49,Low,0,South America
China,78.42,Moderate,75.82,High,68.53,High,79.61,High,31.23,Very Low,28.6,Very High,38.9,Moderate,77.3,High,120.52,Moderate,0,Asia
Colombia,36.19,Very Low,39.14,Low,68.44,High,96.69,Very High,25.48,Very Low,17.98,Very High,47.15,High,62.47,High,107.9,Low,0,South America
Comoros,41.96,Low,52.94,Moderate,53.83,Moderate,76.79,High,35.91,Very Low,11.15,Moderate,48.85,High,58.62,Moderate,108.4,Low,5,Africa
Cook Islands,112.55,Very High,69.08,High,66.5,High,67.57,High,77.32,High,10.46,Moderate,25.11,Very Low,8.62,Very Low,195.35,Very High,7,Oceania
Costa Rica,50.9,Low,46.04,Moderate,64.29,High,99.48,Very High,50.18,Low,9.63,Moderate,59.99,Very High,42.39,Moderate,129.35,Moderate,0,North America
Croatia,83.85,Moderate,74.54,High,64.66,High,89.23,Very High,43.23,Low,12.45,High,25.79,Very Low,31.1,Low,176.02,Very High,0,Europe
Cuba,2.55,Very Low,66.02,High,59.3,Moderate,72.81,High,41.1,Low,48.0,Very High,47.89,High,65.82,High,102.22,Low,2,North America
Curacao,43.83,Low,46.19,Moderate,50.35,Moderate,77.92,High,37.17,Very Low,6.23,Low,17.5,Very Low,55.46,Moderate,103.73,Low,5,North America
Cyprus,84.66,Moderate,66.9,High,57.13,Moderate,90.87,Very High,50.99,Low,8.06,Moderate,23.59,Very Low,54.99,Moderate,158.84,High,0,Europe
Czech Republic,90.3,High,73.64,High,75.47,High,79.1,High,43.65,Low,13.17,High,29.12,Low,34.78,Low,174.21,Very High,0,Europe
Democratic Republic of the Congo,25.51,Very Low,36.16,Low,25.69,Low,78.96,High,50.85,Low,37.22,Very High,75.0,Very High,83.22,Very High,49.83,Very Low,2,Africa
Denmark,134.75,Very High,73.81,High,78.5,High,82.47,Very High,68.9,Moderate,6.36,Low,27.93,Low,20.75,Low,208.65,Very High,0,Europe
Djibouti,165.89,Very High,42.74,Moderate,48.82,Moderate,86.02,Very High,76.83,High,12.41,High,42.67,High,64.6,High,172.86,Very High,3,Africa
Dominica,32.92,Very Low,46.42,Moderate,36.57,Low,82.52,Very High,50.36,Low,0.64,Very Low,15.66,Very Low,20.69,Low,138.53,Moderate,3,North America
Dominican Republic,31.82,Very Low,39.4,Low,58.26,Moderate,67.82,High,34.75,Very Low,16.89,Very High,40.69,Moderate,72.8,High,89.09,Very Low,0,North America
Ecuador,45.93,Low,37.57,Low,75.39,High,94.51,Very High,30.28,Very Low,12.0,High,37.68,Moderate,59.05,Moderate,125.58,Moderate,0,South America
Egypt,21.15,Very Low,52.64,Moderate,47.32,Moderate,91.98,Very High,19.46,Very Low,17.85,Very High,48.1,High,82.67,Very High,85.41,Very Low,0,Africa
El Salvador,33.72,Very Low,40.58,Moderate,51.67,Moderate,86.6,Very High,38.13,Very Low,16.0,Very High,40.39,Moderate,75.37,High,93.05,Very Low,0,North America
Equatorial Guinea,30.87,Very Low,52.16,Moderate,42.59,Moderate,79.0,High,51.87,Low,7.15,Low,20.5,Very Low,59.85,Moderate,115.31,Low,2,Africa
Eritrea,58.05,Low,72.86,High,55.56,Moderate,83.61,Very High,53.58,Low,4.41,Very Low,31.46,Very Low,15.52,Very Low,169.2,Very High,3,Africa
Estonia,83.91,Moderate,76.37,High,75.93,High,64.28,High,50.4,Low,11.27,Moderate,21.57,Very Low,17.02,Very Low,185.1,Very High,0,Europe
Eswatini,64.57,Moderate,56.45,Moderate,61.11,High,79.17,High,24.22,Very Low,2.82,Very Low,31.0,Low,32.07,Low,152.35,High,2,Africa
Ethiopia,13.59,Very Low,49.1,Moderate,53.46,Moderate,96.82,Very High,43.89,Low,49.87,Very High,63.36,Very High,73.24,High,48.88,Very Low,0,Africa
Falkland Islands,93.95,High,55.64,Moderate,66.72,High,83.37,Very High,70.12,Moderate,7.89,Low,40.0,Moderate,3.45,Very Low,197.91,Very High,6,South America
Faroe Islands,135.02,Very High,83.57,Very High,65.08,High,69.46,High,70.44,Moderate,8.75,Moderate,17.85,Very Low,4.91,Very Low,194.81,Very High,5,Europe
Fiji,57.77,Low,43.44,Moderate,48.18,Moderate,71.89,High,33.42,Very Low,6.51,Low,40.93,Moderate,53.44,Moderate,122.12,Moderate,0,Oceania
Finland,126.13,Very High,73.57,High,77.57,High,58.87,Moderate,60.04,Moderate,8.16,Moderate,25.56,Very Low,11.83,Very Low,203.06,Very High,0,Europe
France,111.7,Very High,44.56,Moderate,77.78,High,89.71,Very High,59.48,Low,10.55,Moderate,34.72,Low,43.56,Moderate,165.08,Very High,0,Europe
French Guiana,70.98,Moderate,36.87,Low,55.56,Moderate,84.44,Very High,40.98,Low,8.04,Moderate,27.5,Low,37.3,Low,146.62,High,4,South America
French Polynesia,126.95,Very High,79.04,High,96.3,Very High,70.63,High,51.59,Low,29.58,Very High,30.0,Low,52.3,Moderate,172.04,Very High,4,Oceania
Gabon,20.07,Very Low,39.86,Low,31.48,Low,63.49,High,48.7,Low,69.71,Very High,16.35,Very Low,76.47,High,67.96,Very Low,2,Africa
Gambia,7.25,Very Low,40.88,Moderate,66.67,High,90.46,Very High,27.72,Very Low,103.29,Very High,65.0,Very High,61.67,High,88.24,Very Low,2,Africa
Georgia,40.6,Low,73.9,High,56.34,Moderate,88.53,Very High,32.0,Very Low,12.21,High,38.63,Moderate,67.54,High,125.48,Moderate,0,Asia
Germany,130.01,Very High,60.77,High,71.97,High,83.3,Very High,59.56,Low,9.12,Moderate,29.82,Low,28.81,Low,189.75,Very High,0,Europe
Ghana,17.4,Very Low,54.65,Moderate,57.38,Moderate,67.03,High,30.49,Very Low,81.28,Very High,39.67,Moderate,86.91,Very High,17.47,Very Low,0,Africa
Gibraltar,103.02,High,79.77,High,67.13,High,75.33,High,59.05,Low,16.0,Very High,16.2,Very Low,61.64,High,160.45,Very High,2,Europe
Greece,59.69,Low,53.44,Moderate,58.2,Moderate,91.79,Very High,47.78,Low,12.72,High,33.53,Low,50.07,Moderate,136.83,Moderate,0,Europe
Greenland,139.14,Very High,62.16,High,51.39,Moderate,84.17,Very High,83.09,High,4.75,Very Low,34.59,Low,77.11,High,147.36,High,2,North America
Grenada,31.88,Very Low,75.07,High,65.28,High,77.43,High,75.44,High,175.23,Very High,40.0,Moderate,49.18,Moderate,121.21,Moderate,2,North America
Guadeloupe,120.6,Very High,72.18,High,93.06,Very High,78.9,High,57.98,Low,9.65,Moderate,34.1,Very Low,75.86,High,152.68,High,3,North America
Guam,32.85,Very Low,36.34,Low,36.19,Low,80.17,Very High,62.66,Moderate,75.64,Very High,30.0,Low,51.83,Moderate,95.59,Very Low,5,Oceania
Guatemala,40.26,Low,41.92,Moderate,67.33,High,99.89,Very High,36.67,Very Low,11.44,Moderate,50.58,High,73.47,High,107.92,Low,0,North America
Guernsey,142.95,Very High,76.14,High,61.11,High,73.21,High,66.48,Moderate,9.66,Moderate,16.25,Very Low,11.49,Very Low,204.02,Very High,2,Europe
Guinea,58.49,Low,39.95,Low,100.0,Very High,89.82,Very High,47.92,Low,0.68,Very Low,47.09,High,106.67,Very High,108.76,Low,5,Africa
Guinea-Bissau,76.11,Moderate,48.18,Moderate,51.39,Moderate,79.1,High,39.6,Very Low,7.13,Low,20.0,Very Low,56.18,Moderate,127.4,Moderate,3,Africa
Guyana,35.0,Very Low,33.65,Low,37.65,Low,78.49,High,44.46,Low,19.72,Very High,52.0,High,60.09,High,96.49,Very Low,2,South America
Haiti,77.7,Moderate,21.41,Low,32.72,Low,73.77,High,51.39,Low,5.5,Low,80.67,Very High,94.3,Very High,74.02,Very Low,2,North America
Honduras,43.68,Low,27.75,Low,37.83,Low,68.57,High,34.39,Very Low,6.36,Low,19.7,Very Low,75.52,High,92.57,Very Low,2,North America
Hong Kong (China),108.13,High,78.49,High,66.06,High,83.64,Very High,74.59,High,29.83,Very High,41.81,High,66.86,High,134.04,Moderate,0,Asia
Hungary,70.34,Moderate,66.28,High,54.07,Moderate,78.74,High,37.72,Very Low,13.22,High,35.68,Moderate,46.57,Moderate,143.26,Moderate,0,Europe
Iceland,126.81,Very High,74.26,High,67.63,High,68.81,High,81.71,High,6.39,Low,21.35,Very Low,15.84,Very Low,202.04,Very High,0,Europe
India,86.09,High,55.67,Moderate,65.43,High,64.1,High,19.93,Very Low,11.26,Moderate,46.54,High,72.89,High,124.7,Moderate,0,Asia
Indonesia,33.47,Very Low,54.11,Moderate,60.84,High,63.76,High,25.31,Very Low,16.65,Very High,43.11,High,67.99,High,99.98,Very Low,0,Asia
Iran,29.9,Very Low,49.67,Moderate,52.62,Moderate,70.99,High,24.03,Very Low,20.05,Very High,46.92,High,75.24,High,85.42,Very Low,0,Asia
Iraq,55.15,Low,57.47,Moderate,45.9,Moderate,46.98,Moderate,26.81,Very Low,8.17,Moderate,37.05,Moderate,71.53,High,107.76,Low,0,Asia
Ireland,112.53,Very High,52.53,Moderate,51.38,Moderate,87.83,Very High,60.85,Moderate,6.58,Low,37.76,Moderate,34.79,Low,166.37,Very High,0,Europe
Isle Of Man,140.64,Very High,79.57,High,72.61,High,74.99,High,62.41,Moderate,3.63,Very Low,11.25,Very Low,18.12,Very Low,203.53,Very High,2,Europe
Israel,108.83,High,68.25,High,73.34,High,93.78,Very High,63.19,Moderate,13.98,High,36.61,Moderate,56.84,Moderate,161.76,Very High,0,Asia
Italy,87.2,High,53.03,Moderate,65.13,High,90.78,Very High,52.12,Low,9.47,Moderate,32.36,Low,53.67,Moderate,151.06,High,0,Europe
Ivory Coast,12.91,Very Low,43.57,Moderate,44.44,Moderate,75.46,High,39.62,Very Low,41.78,Very High,43.5,High,94.87,Very High,67.04,Very Low,2,Africa
Jamaica,36.87,Very Low,32.61,Low,51.52,Moderate,71.58,High,49.56,Low,20.19,Very High,44.5,High,66.31,High,83.92,Very Low,0,North America
Japan,120.74,Very High,77.07,High,79.81,High,85.26,Very High,46.99,Low,12.29,High,40.33,Moderate,38.55,Low,184.32,Very High,0,Asia
Jersey,104.07,High,74.32,High,53.94,Moderate,72.02,High,77.04,High,13.33,High,27.0,Low,26.72,Low,181.72,Very High,2,Europe
Jordan,52.44,Low,59.78,Moderate,65.23,High,89.05,Very High,37.64,Very Low,6.77,Low,39.38,Moderate,77.1,High,125.01,Moderate,0,Asia
Kazakhstan,51.89,Low,54.62,Moderate,60.65,High,39.78,Moderate,28.08,Very Low,10.27,Moderate,35.62,Moderate,73.16,High,105.92,Low,0,Asia
Kenya,35.6,Very Low,44.24,Moderate,61.54,High,99.79,Very High,28.23,Very Low,18.77,Very High,50.59,High,69.04,High,101.33,Low,0,Africa
Kiribati,281.83,Very High,81.86,Very High,55.56,Moderate,50.04,Moderate,55.26,Low,5.33,Very Low,47.9,High,106.9,Very High,163.64,Very High,3,Oceania
Kuwait,176.8,Very High,67.19,High,57.93,Moderate,20.22,Moderate,40.82,Low,6.69,Low,35.32,Moderate,69.37,High,159.55,High,0,Asia
Kyrgyzstan,35.11,Very Low,46.17,Moderate,57.62,Moderate,58.11,Moderate,25.72,Very Low,12.89,High,37.7,Moderate,70.38,High,98.32,Very Low,0,Asia
Laos,32.51,Very Low,63.72,High,34.44,Low,77.44,High,32.57,Very Low,12.67,High,22.4,Very Low,78.51,High,111.27,Low,2,Asia
Latvia,76.15,Moderate,62.8,High,62.4,High,74.7,High,44.96,Low,8.38,Moderate,28.7,Low,30.4,Low,164.22,Very High,0,Europe
Lebanon,34.84,Very Low,53.16,Moderate,63.69,High,94.74,Very High,38.99,Very Low,16.26,Very High,38.75,Moderate,89.41,Very High,98.43,Very Low,0,Asia
Lesotho,66.3,Moderate,32.75,Low,55.56,Moderate,84.19,Very High,50.67,Low,3.11,Very Low,51.0,High,58.62,Moderate,109.94,Low,4,Africa
Liberia,33.34,Very Low,19.13,Very Low,38.89,Low,84.18,Very High,64.1,Moderate,25.57,Very High,30.0,Low,91.76,Very High,71.14,Very Low,2,Africa
Libya,50.47,Low,44.23,Moderate,45.45,Moderate,96.54,Very High,18.72,Very Low,7.62,Low,27.36,Low,53.02,Moderate,134.14,Moderate,0,Africa
Liechtenstein,178.83,Very High,87.84,Very High,70.37,High,71.58,High,94.03,Very High,5.07,Low,19.18,Very Low,6.47,Very Low,202.63,Very High,3,Europe
Lithuania,80.43,Moderate,67.72,High,74.95,High,67.76,High,44.73,Low,12.25,High,23.36,Very Low,26.14,Low,172.77,Very High,0,Europe
Luxembourg,195.55,Very High,64.68,High,75.24,High,82.62,Very High,63.72,Moderate,8.48,Moderate,27.04,Low,23.27,Low,224.31,Very High,0,Europe
Macao (China),106.51,High,79.52,High,51.0,Moderate,81.7,Very High,57.26,Low,21.1,Very High,16.73,Very Low,67.58,High,149.76,High,0,Asia
Madagascar,16.75,Very Low,35.59,Low,39.32,Low,63.52,High,21.27,Very Low,22.4,Very High,31.75,Low,86.87,Very High,80.64,Very Low,2,Africa
Malawi,29.25,Very Low,43.89,Moderate,37.5,Low,82.02,Very High,35.35,Very Low,81.6,Very High,20.34,Very Low,64.16,High,83.64,Very Low,2,Africa
Malaysia,86.32,High,51.03,Moderate,70.37,High,56.55,Moderate,29.82,Very Low,8.5,Moderate,37.17,Moderate,61.14,High,136.22,Moderate,0,Asia
Maldives,52.96,Low,45.91,Moderate,45.94,Moderate,83.39,Very High,45.85,Low,11.61,Moderate,19.4,Very Low,74.55,High,106.47,Low,2,Asia
Mali,25.43,Very Low,52.92,Moderate,18.52,Very Low,75.66,High,43.54,Low,100.71,Very High,48.2,High,85.52,Very High,72.38,Very Low,5,Africa
Malta,78.04,Moderate,57.09,Moderate,52.12,Moderate,97.44,Very High,48.99,Low,11.14,Moderate,28.33,Low,75.5,High,132.54,Moderate,0,Europe
Marshall Islands,72.4,Moderate,72.55,High,74.03,High,79.54,High,63.12,Moderate,17.37,Very High,31.58,Very Low,85.63,Very High,117.41,Low,7,Oceania
Martinique,94.35,High,37.14,Low,75.0,High,90.39,Very High,60.67,Moderate,6.62,Low,33.69,Very Low,62.59,High,160.29,Very High,3,North America
Mauritania,56.0,Low,61.51,High,46.76,Moderate,86.96,Very High,41.43,Low,14.99,High,36.12,Very Low,78.97,High,118.76,Low,3,Africa
Mauritius,49.7,Low,52.71,Moderate,65.18,High,69.45,High,34.6,Very Low,8.59,Moderate,51.17,High,54.8,Moderate,109.23,Low,2,Africa
Mexico,48.48,Low,46.47,Moderate,72.39,High,87.51,Very High,35.0,Very Low,11.61,Moderate,39.29,Moderate,58.46,Moderate,127.02,Moderate,0,North America
Micronesia,14.28,Very Low,55.87,Moderate,53.47,Moderate,80.69,Very High,56.24,Low,14.77,High,17.17,Very Low,71.26,High,112.35,Low,2,Oceania
Moldova,47.77,Low,55.52,Moderate,52.12,Moderate,76.91,High,31.44,Very Low,12.92,High,27.75,Low,61.33,High,122.53,Moderate,0,Europe
Monaco,88.24,High,76.38,High,75.0,High,76.5,High,137.37,Very High,39.84,Very High,22.5,Very Low,78.2,High,161.32,Very High,2,Europe
Mongolia,31.73,Very Low,47.53,Moderate,51.63,Moderate,3.54,Low,30.68,Very Low,16.08,Very High,31.42,Low,87.82,Very High,62.52,Very Low,0,Asia
Montenegro,57.92,Low,64.59,High,41.05,Moderate,89.02,Very High,37.37,Very Low,12.92,High,16.89,Very Low,43.7,Moderate,147.33,High,0,Europe
Montserrat,143.64,Very High,93.38,Very High,71.89,High,63.03,High,57.8,Low,6.94,Low,19.62,Very Low,29.62,Very Low,178.55,Very High,8,North America
Morocco,42.23,Low,52.34,Moderate,46.87,Moderate,86.09,Very High,27.76,Very Low,13.42,High,35.16,Moderate,68.66,High,110.96,Low,0,Africa
Mozambique,18.54,Very Low,38.05,Low,41.15,Moderate,80.09,Very High,39.14,Very Low,50.55,Very High,30.0,Low,71.57,High,92.21,Very Low,2,Africa
Myanmar,19.87,Very Low,49.14,Moderate,48.6,Moderate,70.3,High,35.88,Very Low,17.19,Very High,49.09,High,89.79,Very High,65.28,Very Low,2,Asia
Namibia,68.25,Moderate,36.45,Low,65.07,High,89.9,Very High,30.18,Very Low,3.55,Very Low,26.18,Very Low,40.72,Moderate,125.14,Moderate,2,Africa
Nauru,34.51,Very Low,49.05,Moderate,44.81,Moderate,71.14,High,38.32,Very Low,17.47,Very High,35.27,Very Low,101.72,Very High,52.77,Very Low,7,Oceania
Nepal,28.36,Very Low,63.5,High,57.7,Moderate,92.64,Very High,23.48,Very Low,33.09,Very High,33.45,Low,83.87,Very High,88.97,Very Low,0,Asia
Netherlands,134.19,Very High,73.36,High,79.47,High,87.42,Very High,61.41,Moderate,7.63,Low,23.14,Very Low,21.14,Low,211.85,Very High,0,Europe
New Caledonia,99.69,High,36.91,Low,54.17,Moderate,85.6,Very High,73.43,High,8.43,Moderate,32.5,Low,59.31,Moderate,141.34,Moderate,2,Oceania
New Zealand,123.9,Very High,51.87,Moderate,68.61,High,95.46,Very High,59.36,Low,8.63,Moderate,32.56,Low,26.0,Low,186.57,Very High,0,Oceania
Nicaragua,25.14,Very Low,49.25,Moderate,61.57,High,82.83,Very High,31.13,Very Low,18.98,Very High,53.83,High,60.78,High,96.64,Very Low,2,North America
Niger,7.04,Very Low,33.38,Low,30.56,Low,90.4,Very High,132.99,Very High,2.0,Very High,20.0,Very Low,63.79,High,95.41,Very Low,2,Africa
Nigeria,11.37,Very Low,33.51,Low,48.17,Moderate,60.75,High,27.29,Very Low,25.59,Very High,65.31,Very High,87.91,Very High,41.24,Very Low,0,Africa
Niue,87.13,High,47.47,Moderate,64.72,High,73.37,High,43.18,Low,28.61,Very High,28.13,Very Low,46.55,Moderate,126.25,Moderate,8,Oceania
North Korea,18.89,Very Low,46.53,Moderate,34.13,Low,63.42,High,33.59,Very Low,30.31,Very High,16.65,Very Low,72.41,High,69.32,Very Low,2,Asia
North Macedonia,59.26,Low,59.17,Moderate,55.12,Moderate,76.3,High,30.57,Very Low,12.24,High,24.91,Very Low,79.59,High,119.96,Low,0,Europe
Northern Mariana Islands,84.02,Moderate,64.03,High,44.44,Moderate,80.14,Very High,51.24,Low,36.43,Very High,22.58,Very Low,33.33,Low,148.48,High,5,Oceania
Norway,122.3,Very High,67.05,High,75.65,High,68.5,High,71.27,Moderate,8.38,Moderate,26.67,Very Low,18.32,Very Low,194.48,Very High,0,Europe
Oman,160.38,Very High,81.94,Very High,65.11,High,67.22,High,39.3,Very Low,2.81,Very Low,20.54,Very Low,34.71,Low,213.42,Very High,0,Asia
Pakistan,30.57,Very Low,56.31,Moderate,59.38,Moderate,71.93,High,17.9,Very Low,14.3,High,38.01,Moderate,73.31,High,104.14,Low,0,Asia
Palau,107.57,High,73.24,High,67.56,High,72.37,High,62.44,Moderate,23.2,Very High,20.76,Very Low,14.37,Very Low,202.14,Very High,6,Oceania
Palestine,49.62,Low,57.24,Moderate,52.36,Moderate,62.29,High,38.29,Very Low,6.71,Low,48.5,High,65.03,High,108.05,Low,2,Asia
Panama,44.91,Low,57.32,Moderate,60.66,High,67.84,High,43.83,Low,11.68,Moderate,35.24,Moderate,55.63,Moderate,122.74,Moderate,0,North America
Papua New Guinea,13.71,Very Low,19.89,Very Low,23.86,Low,79.7,High,69.3,Moderate,450.4,Very High,44.56,High,78.81,High,27.59,Very Low,2,Oceania
Paraguay,41.24,Low,39.84,Low,64.52,High,92.24,Very High,23.19,Very Low,15.68,High,42.83,High,66.16,High,109.45,Low,0,South America
Peru,39.16,Very Low,32.77,Low,56.28,Moderate,97.69,Very High,29.43,Very Low,18.58,Very High,49.78,High,82.19,Very High,85.92,Very Low,0,South America
Philippines,37.95,Very Low,56.92,Moderate,67.2,High,61.23,High,28.77,Very Low,22.2,Very High,41.29,High,72.38,High,96.95,Very Low,0,Asia
Poland,93.75,High,70.99,High,57.92,Moderate,75.9,High,39.35,Very Low,11.03,Moderate,31.79,Low,55.51,Moderate,153.6,High,0,Europe
Portugal,62.54,Moderate,68.17,High,72.42,High,97.31,Very High,41.72,Low,13.97,High,28.65,Low,28.8,Low,168.85,Very High,0,Europe
Puerto Rico,112.17,Very High,38.52,Low,58.5,Moderate,88.35,Very High,59.23,Low,4.21,Very Low,33.69,Low,47.86,Moderate,165.25,Very High,2,North America
Qatar,184.27,Very High,84.05,Very High,73.45,High,36.03,Moderate,48.27,Low,5.06,Low,29.01,Low,60.0,High,192.73,Very High,0,Asia
Republic of the Congo,20.45,Very Low,45.71,Moderate,68.52,High,89.9,Very High,54.46,Low,35.01,Very High,48.14,High,77.59,High,90.16,Very Low,3,Africa
Reunion,96.1,High,53.09,Moderate,71.3,High,83.12,Very High,52.71,Low,7.95,Low,31.48,Very Low,32.67,Low,180.15,Very High,3,Africa
Romania,73.36,Moderate,67.82,High,56.51,Moderate,77.0,High,34.66,Very Low,10.16,Moderate,33.36,Low,58.61,Moderate,142.14,Moderate,0,Europe
Russia,55.66,Low,61.3,High,61.41,High,43.6,Moderate,25.25,Very Low,14.84,High,43.35,High,59.13,Moderate,113.56,Low,0,Europe
Rwanda,20.5,Very Low,72.81,High,72.87,High,99.74,Very High,37.05,Very Low,446.83,Very High,15.67,Very Low,39.22,Low,0.0,Very Low,0,Africa
Saint Kitts And Nevis,65.48,Moderate,59.98,Moderate,50.0,Moderate,79.94,High,40.22,Low,20.27,Very High,15.0,Very Low,36.21,Low,151.17,High,4,North America
Saint Lucia,43.92,Low,39.08,Low,49.9,Moderate,81.46,Very High,41.44,Low,0.85,Very Low,7.0,Very Low,46.22,Moderate,133.2,Moderate,4,North America
Saint Vincent And The Grenadines,46.16,Low,62.22,High,31.94,Low,89.4,Very High,60.33,Moderate,4.66,Very Low,10.0,Very Low,42.88,Moderate,133.3,Moderate,3,North America
Saint-Pierre And Miquelon,125.55,Very High,100.0,Very High,76.76,High,62.27,High,52.63,Low,15.66,High,28.76,Very Low,55.17,Moderate,159.18,High,7,North America
Samoa,25.96,Very Low,57.94,Moderate,55.56,Moderate,82.28,Very High,41.92,Low,205.03,Very High,25.96,Very Low,39.94,Low,94.92,Very Low,5,Oceania
San Marino,120.98,Very High,80.65,Very High,83.33,Very High,74.09,High,55.15,Low,5.34,Low,10.0,Very Low,15.36,Very Low,200.15,Very High,4,Europe
Sao Tome And Principe,120.45,Very High,82.56,Very High,86.11,Very High,70.41,High,69.67,Moderate,18.66,Very High,30.93,Very Low,68.97,High,151.24,High,6,Africa
Saudi Arabia,147.37,Very High,76.23,High,61.71,High,45.98,Moderate,42.06,Low,3.09,Very Low,29.87,Low,62.46,High,173.2,Very High,0,Asia
Senegal,21.72,Very Low,49.82,Moderate,48.38,Moderate,68.18,High,40.61,Low,24.07,Very High,25.0,Very Low,95.87,Very High,87.65,Very Low,2,Africa
Serbia,58.05,Low,62.75,High,51.96,Moderate,83.23,Very High,36.18,Very Low,16.78,Very High,30.72,Low,65.62,High,123.62,Moderate,0,Europe
Seychelles,34.19,Very Low,55.01,Moderate,63.19,High,84.63,Very High,59.88,Low,4.66,Very Low,29.33,Low,36.71,Low,143.29,Moderate,2,Africa
Sierra Leone,66.45,Moderate,42.9,Moderate,31.25,Low,66.15,High,32.03,Very Low,3.23,Very Low,46.25,High,106.03,Very High,54.49,Very Low,5,Africa
Singapore,108.8,High,72.48,High,71.9,High,57.45,Moderate,79.72,High,20.4,Very High,40.87,Moderate,32.61,Low,157.13,High,0,Asia
Sint Maarten,46.37,Low,68.09,High,56.48,Moderate,83.91,Very High,65.56,Moderate,6.92,Low,31.65,Very Low,79.48,High,120.38,Moderate,3,North America
Slovakia,75.25,Moderate,69.2,High,58.6,Moderate,80.72,Very High,43.24,Low,14.2,High,27.41,Low,37.3,Low,157.96,High,0,Europe
Slovenia,85.89,High,76.17,High,66.26,High,76.11,High,47.58,Low,13.09,High,25.39,Very Low,22.25,Low,178.94,Very High,0,Europe
Solomon Islands,10.77,Very Low,36.13,Low,45.14,Moderate,84.18,Very High,101.05,Very High,1.0,Very High,36.67,Moderate,79.55,High,71.14,Very Low,2,Oceania
Somalia,28.41,Very Low,35.86,Low,40.49,Moderate,84.74,Very High,40.56,Low,360.1,Very High,29.0,Low,63.41,High,29.64,Very Low,2,Africa
South Africa,123.08,Very High,25.36,Low,63.83,High,95.25,Very High,31.3,Very Low,3.21,Very Low,38.61,Moderate,56.56,Moderate,155.84,High,0,Africa
South Korea,107.47,High,75.36,High,82.78,Very High,68.39,High,59.94,Low,21.06,Very High,40.32,Moderate,60.93,High,148.74,High,0,Asia
South Sudan,26.6,Very Low,18.57,Very Low,23.61,Low,80.86,Very High,53.75,Low,2.08,Very Low,36.13,Very Low,56.47,Moderate,103.78,Low,5,Africa
Spain,101.41,High,63.51,High,77.26,High,94.04,Very High,44.41,Low,8.28,Moderate,26.76,Very Low,35.7,Low,184.67,Very High,0,Europe
Sri Lanka,17.98,Very Low,57.9,Moderate,71.36,High,59.11,Moderate,33.96,Very Low,39.94,Very High,54.52,High,57.94,Moderate,75.17,Very Low,0,Asia
Sudan,45.97,Low,54.5,Moderate,46.78,Moderate,76.69,High,31.14,Very Low,24.64,Very High,38.33,Moderate,67.55,High,110.62,Low,4,Africa
Suriname,19.73,Very Low,47.12,Moderate,42.62,Moderate,79.16,High,39.75,Very Low,3.18,Very Low,28.88,Low,51.15,Moderate,123.45,Moderate,2,South America
Sweden,134.51,Very High,51.74,Moderate,68.43,High,76.49,High,54.84,Low,7.45,Low,28.72,Low,17.66,Very Low,193.48,Very High,0,Europe
Switzerland,165.31,Very High,73.69,High,71.5,High,79.24,High,101.18,Very High,10.94,Moderate,33.28,Low,23.06,Low,204.91,Very High,0,Europe
Syria,5.22,Very Low,31.5,Low,37.11,Low,77.07,High,23.8,Very Low,118.65,Very High,34.9,Low,74.88,High,68.14,Very Low,2,Asia
Taiwan,101.65,High,82.89,Very High,86.5,Very High,84.38,Very High,44.79,Low,20.89,Very High,32.81,Low,64.31,High,160.18,Very High,0,Asia
Tajikistan,23.92,Very Low,55.6,Moderate,61.9,High,79.63,High,24.6,Very Low,16.11,Very High,27.0,Low,54.02,Moderate,123.47,Moderate,2,Asia
Tanzania,23.52,Very Low,46.46,Moderate,42.14,Moderate,71.28,High,25.31,Very Low,134.04,Very High,27.79,Low,62.48,High,0.0,Very Low,0,Africa
Thailand,46.07,Low,62.49,High,77.36,High,69.76,High,33.88,Very Low,25.31,Very High,38.71,Moderate,75.65,High,105.37,Low,0,Asia
Timor-Leste,259.09,Very High,57.93,Moderate,52.69,Moderate,52.8,Moderate,45.57,Low,4.13,Very Low,25.0,Very Low,60.35,High,187.79,Very High,2,Asia
Togo,50.92,Low,54.84,Moderate,54.17,Moderate,61.59,High,31.91,Very Low,7.42,Low,7.0,Very Low,82.5,Very High,98.22,Very Low,2,Africa
Tonga,58.58,Low,39.02,Low,62.27,High,91.09,Very High,50.8,Low,2.44,Very Low,41.64,High,52.74,Moderate,114.89,Low,5,Oceania
Trinidad And Tobago,45.35,Low,29.01,Low,54.09,Moderate,67.55,High,49.01,Low,14.18,High,56.88,Very High,67.14,High,84.52,Very Low,0,North America
Tunisia,33.55,Very Low,55.23,Moderate,57.17,Moderate,93.24,Very High,25.71,Very Low,13.06,High,34.39,Low,70.08,High,115.44,Low,0,Africa
Turkey,52.08,Low,58.74,Moderate,71.22,High,93.26,Very High,35.37,Very Low,11.05,Moderate,43.81,High,64.29,High,130.42,Moderate,0,Asia
Turkmenistan,56.54,Low,51.24,Moderate,49.83,Moderate,85.91,Very High,31.34,Very Low,25.99,Very High,17.29,Very Low,38.15,Low,142.43,Moderate,4,Asia
Turks And Caicos Islands,65.87,Moderate,51.12,Moderate,54.63,Moderate,83.94,Very High,44.09,Low,10.73,Moderate,27.08,Very Low,32.76,Low,129.78,Moderate,6,North America
Tuvalu,116.93,Very High,81.52,Very High,100.0,Very High,81.58,Very High,54.22,Low,0.55,Very Low,23.63,Very Low,41.71,Very Low,182.75,Very High,6,Oceania
Uganda,10.33,Very Low,45.88,Moderate,50.05,Moderate,98.41,Very High,47.97,Low,1.0,Very High,44.5,High,84.05,Very High,0.0,Very Low,0,Africa
Ukraine,47.67,Low,53.13,Moderate,55.74,Moderate,70.69,High,24.38,Very Low,13.88,High,37.92,Moderate,62.16,High,114.78,Low,0,Europe
United Arab Emirates,132.31,Very High,84.43,Very High,70.63,High,45.84,Moderate,53.8,Low,6.77,Low,35.77,Moderate,47.98,Moderate,176.65,Very High,0,Asia
United Kingdom,125.05,Very High,51.88,Moderate,72.92,High,87.41,Very High,59.67,Low,8.75,Moderate,34.74,Low,40.47,Moderate,175.2,Very High,0,Europe
United States,153.02,Very High,50.74,Moderate,67.86,High,79.14,High,65.69,Moderate,3.54,Very Low,32.91,Low,36.61,Low,189.14,Very High,0,North America
Uruguay,57.92,Low,48.2,Moderate,68.57,High,98.04,Very High,47.39,Low,12.28,High,39.52,Moderate,43.49,Moderate,141.6,Moderate,0,South America
Us Virgin Islands,74.23,Moderate,40.06,Moderate,45.37,Moderate,76.8,High,99.27,Very High,11.78,Moderate,15.0,Very Low,15.27,Very Low,182.6,Very High,2,North America
Uzbekistan,44.66,Low,71.97,High,61.82,High,69.79,High,24.4,Very Low,13.08,High,34.3,Low,53.07,Moderate,133.78,Moderate,0,Asia
Vanuatu,50.6,Low,58.35,Moderate,40.51,Moderate,83.54,Very High,45.02,Low,29.88,Very High,15.0,Very Low,40.14,Moderate,138.06,Moderate,4,Oceania
Vatican City,96.82,High,46.18,Moderate,100.0,Very High,89.03,Very High,51.98,Low,10.59,Moderate,37.0,Very Low,46.32,Moderate,152.28,High,6,Europe
Venezuela,15.11,Very Low,19.26,Very Low,38.69,Low,84.09,Very High,35.85,Very Low,17.49,Very High,32.8,Low,75.3,High,89.24,Very Low,2,South America
Vietnam,44.49,Low,59.0,Moderate,61.32,High,71.24,High,26.85,Very Low,24.77,Very High,29.62,Low,84.19,Very High,97.18,Very Low,0,Asia
Wallis And Futuna,69.03,Moderate,55.75,Moderate,58.45,Moderate,77.9,High,46.37,Low,24.3,Very High,33.29,Very Low,56.92,Moderate,131.39,Moderate,9,Oceania
Western Sahara,69.16,Moderate,62.87,High,55.49,Moderate,75.67,High,38.8,Very Low,12.75,High,26.92,Very Low,61.53,High,146.11,High,7,Africa
Yemen,20.74,Very Low,34.07,Low,25.31,Low,68.95,High,48.66,Low,15.98,High,15.0,Very Low,83.17,Very High,65.74,Very Low,2,Asia
Zambia,22.32,Very Low,54.39,Moderate,54.44,Moderate,62.23,High,36.74,Very Low,72.42,Very High,38.86,Moderate,80.9,Very High,72.3,Very Low,2,Africa
Zimbabwe,28.76,Very Low,39.31,Low,44.8,Moderate,96.76,Very High,35.36,Very Low,17.35,Very High,27.79,Low,78.53,High,94.2,Very Low,0,Africa
