country,Purchasing Power Value,Purchasing Power Category,Safety Value,Safety Category,Health Care Value,Health Care Category,Climate Value,Climate Category,Cost of Living Value,Cost of Living Category,Property Price to Income Value,Property Price to Income Category,Traffic Commute Time Value,Traffic Commute Time Category,Pollution Value,Pollution Category,Quality of Life Value,Quality of Life Category,Imputed values count,Continent,Purchasing Power Value nor,Safety Value nor,Health Care Value nor,Climate Value nor,Cost of Living Value nor,Property Price to Income Value nor,Traffic Commute Time Value nor,Pollution Value nor
Afghanistan,32.15,Very Low,25.33,Low,24.24,Low,83.69,Very High,21.08,Very Low,7.8,Low,56.17,Very High,84.44,Very High,76.26,Very Low,2,Asia,-0.788026353480378,-0.7755320413743906,-0.8595974472263131,0.6637259989621171,0.9467648782121036,0.9677670334555963,-0.09675425038639873,-0.5657805703238277
Albania,42.82,Low,55.52,Moderate,48.21,Moderate,86.43,Very High,40.85,Low,14.88,High,36.74,Moderate,77.25,High,104.16,Low,0,Europe,-0.7116155829275278,-0.0576625847104979,-0.27123220422189487,0.7206019719771668,0.6158031304930108,0.9362898744025786,0.3036579082946934,-0.42677622039632657
Algeria,27.6,Very Low,47.54,Moderate,54.43,Moderate,94.82,Very High,25.31,Very Low,21.7,Very High,45.09,High,63.87,High,98.83,Very Low,0,Africa,-0.820610140360928,-0.2474141005825703,-0.11855670103092786,0.8947586922677735,0.8759521218715997,0.9059686562187396,0.13158165893869134,-0.16810053165780547
American Samoa,57.08,Low,54.41,Moderate,56.67,Moderate,77.55,High,51.07,Low,34.92,Very High,100.0,Very High,78.45,High,68.23,Very Low,6,Oceania,-0.6094958464623316,-0.0840565925573653,-0.06357388316151202,0.5362740010378826,0.44471415418096605,0.847193508947427,-0.9999999999999998,-0.4499758337361044
Andorra,121.14,Very High,84.71,Very High,75.56,High,72.82,High,48.09,Low,9.03,Moderate,13.33,Very Low,22.98,Low,194.2,Very High,2,Europe,-0.15074477227155525,0.6364284865057663,0.4000981836033384,0.4380902957965749,0.4946011551016992,0.9622985439590974,0.7860896445131376,0.6224262928951185
Angola,224.46,Very High,33.71,Low,36.58,Low,63.68,High,42.57,Low,8.01,Moderate,65.43,Very High,92.07,Very High,119.82,Low,2,Africa,0.5891578344313955,-0.576269171323267,-0.5567010309278351,0.24836533471717703,0.5870092910354064,0.9668333889074135,-0.28758371973209695,-0.7132914451425807
Anguilla,113.86,Very High,75.44,High,77.08,High,74.43,High,56.88,Low,1.84,Very Low,25.46,Very Low,21.1,Very Low,196.57,Very High,6,North America,-0.20287883128043527,0.41600285340625387,0.4374079528718704,0.47151011935651277,0.34745124298987196,0.9942647549183061,0.5361154044307058,0.6587723537941035
Antigua And Barbuda,45.4,Low,42.86,Moderate,30.56,Low,78.38,High,40.16,Low,8.01,Moderate,35.0,Moderate,43.1,Moderate,110.02,Low,5,North America,-0.6931395015754798,-0.3586969444774699,-0.70446735395189,0.5535028541774778,0.6273541474847243,0.9668333889074135,0.33951571354971666,0.23344610923151288
Argentina,40.36,Low,36.36,Low,68.0,High,98.28,Very High,32.65,Very Low,20.05,Very High,44.07,High,50.81,Moderate,115.06,Low,0,South America,-0.7292323116585504,-0.5132564498870525,0.21453117329406002,0.9665801764400621,0.7530760860467064,0.9133044348116038,0.15260175167439471,0.0843885935234413
Armenia,36.91,Very Low,77.81,High,58.07,Moderate,63.42,High,41.84,Low,20.95,Very High,29.31,Low,62.55,High,116.56,Low,0,Asia,-0.7539386995130335,0.47235762691713257,-0.029209621993127044,0.24296834457706273,0.5992299322005524,0.9093031010336778,0.4567748583204534,-0.14258095698405016
Aruba,71.46,Moderate,69.23,High,78.7,High,68.71,High,79.42,High,5.32,Low,46.33,High,35.7,Low,165.33,Very High,2,North America,-0.5065167573761099,0.2683390797764835,0.4771723122238587,0.35277633627400085,-0.029881978739432435,0.9787929309769923,0.10602782071097383,0.3765103914934752
Australia,137.58,Very High,52.71,Moderate,73.35,High,93.8,Very High,64.5,Moderate,8.25,Moderate,37.48,Moderate,26.8,Low,190.69,Very High,0,Oceania,-0.033013463191062464,-0.12447984781833288,0.34585174275895914,0.873585884795018,0.21988783795095013,0.9657663665666333,0.2884080370942814,0.5485741904301595
Austria,109.08,High,70.38,High,77.83,High,77.4,High,62.22,Moderate,11.76,Moderate,23.77,Very Low,20.73,Low,192.07,Very High,0,Europe,-0.2371097106846174,0.2956842230412555,0.4558173784977908,0.5331603528801245,0.2580564158366119,0.950161164832722,0.5709428129829985,0.6659255679072016
Azerbaijan,41.75,Low,68.12,High,48.31,Moderate,91.4,Very High,30.26,Very Low,15.24,High,40.63,Moderate,72.69,High,113.51,Low,0,Asia,-0.7192781437983384,0.24194507192961634,-0.2687776141384388,0.8237675142708876,0.7930861304093079,0.9346893408914082,0.22349304482225651,-0.33861768970517137
Bahamas,58.59,Low,43.76,Moderate,39.52,Low,87.01,Very High,81.3,High,5.32,Low,27.69,Low,61.34,High,124.76,Moderate,2,North America,-0.598682325981094,-0.3372963975746046,-0.48453608247422664,0.7326414115204982,-0.06135431489076737,0.9787929309769923,0.49015971148892323,-0.11918801353310782
Bahrain,114.56,Very High,75.28,High,66.6,High,64.31,High,48.79,Low,4.9,Very Low,30.74,Low,71.57,High,158.68,High,0,Asia,-0.19786594099111976,0.4121983117346335,0.18016691212567482,0.2614426569797612,0.4828827320666277,0.9806602200733577,0.4273055126223597,-0.3169647172547121
Bangladesh,36.16,Very Low,38.79,Low,42.2,Moderate,71.29,High,20.76,Very Low,12.26,High,57.57,Very High,85.31,Very High,74.51,Very Low,0,Asia,-0.7593096533944428,-0.4554749732493163,-0.41875306823760416,0.4063310845874417,0.9521218715995647,0.9479382016227631,-0.12560535806285422,-0.5826002899951666
Barbados,46.93,Low,55.14,Moderate,71.88,High,84.18,Very High,70.6,Moderate,14.67,High,36.67,Moderate,24.39,Low,165.16,Very High,2,North America,-0.6821827556574047,-0.06669837118059663,0.30976926853215514,0.673897249610794,0.11777015150246939,0.9372235189507614,0.3051004636785162,0.5951667472208797
Belarus,56.24,Low,49.99,Moderate,48.5,Moderate,64.37,High,25.11,Very Low,12.79,High,31.2,Low,44.94,Moderate,127.48,Moderate,0,Europe,-0.61551131480951,-0.1891570562358813,-0.2641138929798723,0.2626881162428647,0.879300242738763,0.9455818606202068,0.41782586295723856,0.1978733687771872
Belgium,118.62,Very High,50.42,Moderate,75.76,High,86.03,Very High,57.41,Low,6.82,Low,35.19,Moderate,49.45,Moderate,168.52,Very High,0,Europe,-0.16879117731309057,-0.17893235049340128,0.4050073637702505,0.7122989102231447,0.33857872269188927,0.9721240413471157,0.3356002060793406,0.11068148864185601
Belize,43.83,Low,47.47,Moderate,47.37,Moderate,81.46,Very High,37.17,Very Low,6.06,Low,12.75,Very Low,52.8,Moderate,133.2,Moderate,4,North America,-0.7043826983672299,-0.24907858756390433,-0.29185076092292594,0.6174364296834456,0.6774085544488156,0.9755029454262532,0.798042246264812,0.04591590140164348
Benin,37.11,Very Low,62.16,High,51.39,Moderate,62.15,High,30.44,Very Low,21.38,Very High,26.0,Very Low,97.41,Very High,77.22,Very Low,5,Africa,-0.7525064451446576,0.10022589466175247,-0.19317623956799213,0.21660612350804365,0.7900728216288608,0.9073913526731132,0.524987120041216,-0.8165297245045913
Bermuda,108.79,High,63.7,High,70.61,High,71.29,High,124.77,Very High,6.85,Low,35.7,Moderate,14.95,Very Low,193.44,Very High,2,North America,-0.23918647951876226,0.1368446082510999,0.27859597447226325,0.4063310845874417,-0.7890683853687115,0.9719906635545181,0.3250901597114889,0.7776703721604641
Bhutan,74.38,Moderate,70.45,High,73.28,High,81.39,Very High,24.92,Very Low,14.07,High,2.95,Very Low,48.82,Moderate,167.55,Very High,2,Asia,-0.4856058435978229,0.2973487100225898,0.3441335297005401,0.615983393876492,0.8824809575625681,0.9398910748027121,1.0,0.12286128564523935
Bolivia,43.04,Low,35.0,Low,45.98,Moderate,81.4,Very High,25.28,Very Low,12.54,High,39.94,Moderate,71.92,High,92.12,Very Low,2,South America,-0.7100401031223145,-0.5455950540958268,-0.3259695630829651,0.6161909704203425,0.8764543400016741,0.9466933422251862,0.2377125193199383,-0.3237312711454807
Bosnia And Herzegovina,63.66,Moderate,58.3,Moderate,55.62,Moderate,80.48,Very High,32.01,Very Low,13.12,High,26.15,Very Low,59.68,Moderate,134.51,Moderate,0,Europe,-0.562374677742767,0.00844132683390808,-0.08934707903780081,0.5970939283860925,0.7637900728216289,0.9441147049016338,0.5218959299330242,-0.0870952150797486
Botswana,64.6,Moderate,47.3,Moderate,61.12,High,88.87,Very High,40.05,Low,118.01,Very High,28.53,Low,46.09,Moderate,36.55,Very Low,0,Africa,-0.5556430822114007,-0.2531209130900012,0.04565537555228283,0.7712506486766997,0.6291956139616641,0.4777814827164609,0.47284904688304996,0.1756404059932335
Brazil,42.13,Low,35.36,Low,59.21,Moderate,94.31,Very High,27.14,Very Low,15.4,High,40.63,Moderate,52.84,Moderate,115.99,Low,0,South America,-0.7165568604984244,-0.5370348353346807,-0.001227295041728027,0.8841722885313961,0.8453168159370554,0.9339779926642214,0.22349304482225651,0.04514258095698409
British Virgin Islands,53.58,Low,59.31,Moderate,57.45,Moderate,72.31,High,32.54,Very Low,8.21,Moderate,40.68,Moderate,68.1,High,117.77,Low,7,North America,-0.6345602979089084,0.032457496136012454,-0.04442808051055458,0.42750389206019723,0.7549175525236462,0.96594420362343,0.2224626481195261,-0.24987916868052173
Brunei,119.26,Very High,70.7,High,75.37,High,81.89,Very High,46.73,Low,6.97,Low,27.3,Low,35.49,Low,181.14,Very High,2,Asia,-0.1642079633342879,0.3032933063844967,0.3954344624447719,0.6263622210690192,0.5173683769984098,0.971457152384128,0.4981968057702215,0.3805703238279363
Bulgaria,77.66,Moderate,63.73,High,58.15,Moderate,82.76,Very High,35.86,Very Low,9.22,Moderate,29.05,Low,62.94,High,144.49,Moderate,0,Europe,-0.46211687195645934,0.13755795981452867,-0.0272459499263622,0.6444213803840166,0.6993387461287354,0.9614538179393131,0.4621329211746522,-0.15012083131947773
Burkina Faso,42.98,Low,61.16,High,49.31,Moderate,77.56,High,39.0,Very Low,1.25,Very Low,50.0,High,65.62,High,99.25,Very Low,5,Africa,-0.7104697794328272,0.07644750921412435,-0.24423171330387805,0.5364815775817333,0.6467732485142714,0.9968878515060575,0.030396702730551395,-0.2019333011116482
Burundi,22.23,Very Low,43.44,Moderate,34.44,Low,68.91,High,46.64,Low,20.67,Very High,33.0,Low,87.84,Very High,67.96,Very Low,4,Africa,-0.8590661701518189,-0.34490548091784556,-0.6092292587137949,0.3569278671510119,0.5188750313886332,0.9105479604312549,0.3807315816589387,-0.6315128081198647
Cambodia,26.95,Very Low,48.19,Moderate,50.71,Moderate,59.43,Moderate,34.38,Very Low,26.77,Very High,28.0,Low,77.77,High,78.92,Very Low,0,Asia,-0.8252649670581494,-0.23195815004161213,-0.2098674521354933,0.16014530358069545,0.7241148405457437,0.8834278092697566,0.4837712519319939,-0.4368293861768968
Cameroon,10.02,Very Low,34.53,Low,45.53,Moderate,82.95,Very High,37.61,Very Low,46.06,Very High,46.0,High,93.71,Very High,58.94,Very Low,2,Africa,-0.9465052993411629,-0.5567708952562119,-0.33701521845851734,0.6483653347171769,0.6700426885410564,0.7976658886295431,0.11282843894899541,-0.7449975833736102
Canada,111.31,Very High,54.34,Moderate,68.82,High,55.41,Moderate,60.55,Moderate,10.47,Moderate,33.53,Low,29.8,Low,164.54,Very High,0,North America,-0.22114007447722694,-0.08572107953869912,0.23465881197839944,0.0766995329527762,0.28601322507742544,0.9558964099144159,0.3698093766099949,0.4905751570807154
Cape Verde,18.09,Very Low,49.87,Moderate,67.71,High,75.71,High,38.51,Very Low,17.12,Very High,15.33,Very Low,81.03,Very High,104.92,Low,2,Africa,-0.8887138355771984,-0.19201046248959686,0.20741286205203724,0.49807991696938236,0.6549761446388216,0.9263309992219628,0.7448737764039155,-0.49985500241662617
Cayman Islands,123.25,Very High,69.25,High,62.28,High,71.29,High,108.7,Very High,8.64,Moderate,18.89,Very Low,23.96,Low,193.44,Very High,2,North America,-0.13563448868519024,0.2688146474854358,0.07412862052037306,0.4063310845874417,-0.5200468736921402,0.9640324552628654,0.6715095311695003,0.6034799420009667
Central African Republic,26.62,Very Low,15.89,Very Low,41.67,Moderate,63.58,High,45.85,Low,8.5,Moderate,5.0,Very Low,84.83,Very High,82.52,Very Low,4,Africa,-0.8276281867659695,-0.9999999999999999,-0.4317623956799215,0.24628956927867152,0.5321001088139282,0.9646548849616539,0.9577537351880474,-0.5733204446592555
Chad,20.21,Very Low,32.16,Low,44.21,Moderate,83.25,Very High,46.23,Low,2.69,Very Low,6.0,Very Low,60.56,High,104.57,Low,2,Africa,-0.8735319392724147,-0.6131256687670907,-0.3694158075601375,0.6545926310326933,0.525738679166318,0.990485717461376,0.9371458011334364,-0.10410826486225222
Chile,51.47,Low,39.55,Low,63.52,High,90.21,Very High,36.29,Very Low,16.03,Very High,36.04,Moderate,77.51,High,106.49,Low,0,South America,-0.6496705814952735,-0.43740340030911895,0.10456553755522835,0.7990659055526723,0.6921402862643342,0.9311770590196732,0.31808346213292127,-0.4318028032866119
China,78.42,Moderate,75.82,High,68.53,High,79.61,High,31.23,Very Low,28.6,Very High,38.9,Moderate,77.3,High,120.52,Moderate,0,Asia,-0.4566743053566311,0.4250386398763524,0.2275405007363771,0.5790347690710949,0.7768477442035658,0.8752917639213071,0.2591447707367337,-0.4277428709521507
Colombia,36.19,Very Low,39.14,Low,68.44,High,96.69,Very High,25.48,Very Low,17.98,Very High,47.15,High,62.47,High,107.9,Low,0,South America,-0.7590948152391863,-0.44715253834264646,0.22533136966126643,0.9335755059678257,0.8731062191345108,0.9225075025008336,0.08912931478619279,-0.1410343160947316
Comoros,41.96,Low,52.94,Moderate,53.83,Moderate,76.79,High,35.91,Very Low,11.15,Moderate,48.85,High,58.62,Moderate,108.4,Low,5,Africa,-0.7177742767115438,-0.11901081916537848,-0.13328424153166418,0.5204981837052414,0.6985017159119445,0.9528731799488719,0.054095826893354015,-0.06660222329627818
Cook Islands,112.55,Very High,69.08,High,66.5,High,67.57,High,77.32,High,10.46,Moderate,25.11,Very Low,8.62,Very Low,195.35,Very High,7,Oceania,-0.21226009739329688,0.264772321959339,0.17771232204221898,0.3291126102750388,0.00527329036578239,0.9559408691786151,0.5433281813498197,0.9000483325277913
Costa Rica,50.9,Low,46.04,Moderate,64.29,High,99.48,Very High,50.18,Low,9.63,Moderate,59.99,Very High,42.39,Moderate,129.35,Moderate,0,North America,-0.6537525064451446,-0.28308167875401247,0.12346588119784019,0.9914893617021279,0.4596132920398427,0.9596309881071468,-0.17547655847501287,0.24717254712421466
Croatia,83.85,Moderate,74.54,High,64.66,High,89.23,Very High,43.23,Low,12.45,High,25.79,Very Low,31.1,Low,176.02,Very High,0,Europe,-0.4177885992552276,0.3946023065033888,0.13254786450662737,0.7787234042553193,0.5759604921737677,0.9470934756029787,0.5293147861926842,0.46544224262928957
Cuba,2.55,Very Low,66.02,High,59.3,Moderate,72.81,High,41.1,Low,48.0,Very High,47.89,High,65.82,High,102.22,Low,2,North America,-0.9999999999999999,0.19201046248959708,0.0009818360333824216,0.4378827192527244,0.6116179794090567,0.7890407913749027,0.07387944358578058,-0.20579990333494425
Curacao,43.83,Low,46.19,Moderate,50.35,Moderate,77.92,High,37.17,Very Low,6.23,Low,17.5,Very Low,55.46,Moderate,103.73,Low,5,North America,-0.7043826983672299,-0.27951492093686836,-0.2187039764359351,0.5439543331603529,0.6774085544488156,0.9747471379348671,0.7001545595054096,-0.005509908168197075
Cyprus,84.66,Moderate,66.9,High,57.13,Moderate,90.87,Very High,50.99,Low,8.06,Moderate,23.59,Very Low,54.99,Moderate,158.84,High,0,Europe,-0.4119879690633055,0.21293544168351008,-0.05228276877761395,0.8127659574468087,0.4460534025278313,0.9666110925864176,0.5746522411128285,0.0035766070565490526
Czech Republic,90.3,High,73.64,High,75.47,High,79.1,High,43.65,Low,13.17,High,29.12,Low,34.78,Low,174.21,Very High,0,Europe,-0.37159839587510723,0.37320175960052326,0.3978890525282277,0.568448365334717,0.5689294383527246,0.9438924085806379,0.46069036579082945,0.3942967617206381
Democratic Republic of the Congo,25.51,Very Low,36.16,Low,25.69,Low,78.96,High,50.85,Low,37.22,Very High,75.0,Very High,83.22,Very High,49.83,Very Low,2,Africa,-0.8355771985104553,-0.5180121269765783,-0.8240058910162003,0.5655422937208094,0.4483970871348456,0.8369678781816161,-0.4848016486347244,-0.5421942967617204
Denmark,134.75,Very High,73.81,High,78.5,High,82.47,Very High,68.9,Moderate,6.36,Low,27.93,Low,20.75,Low,208.65,Very High,0,Europe,-0.05327986250358041,0.3772440851266201,0.4722631320569466,0.6384016606123508,0.1462291788733574,0.9741691675002778,0.48521380731581665,0.665538907684872
Djibouti,165.89,Very High,42.74,Moderate,48.82,Moderate,86.02,Very High,76.83,High,12.41,High,42.67,High,64.6,High,172.86,Very High,3,Africa,0.16972214265253527,-0.36155035073118524,-0.25625920471281294,0.7120913336792942,0.013476186490332331,0.9472713126597755,0.1814528593508501,-0.18221362977283695
Dominica,32.92,Very Low,46.42,Moderate,36.57,Low,82.52,Very High,50.36,Low,0.64,Very Low,15.66,Very Low,20.69,Low,138.53,Moderate,3,North America,-0.782512174162131,-0.27404589228391374,-0.5569464899361806,0.6394395433316034,0.45659998325939577,0.9995998666222073,0.7380731581658939,0.6666988883518609
Dominican Republic,31.82,Very Low,39.4,Low,58.26,Moderate,67.82,High,34.75,Very Low,16.89,Very High,40.69,Moderate,72.8,High,89.09,Very Low,0,North America,-0.7903895731881981,-0.44097015812626317,-0.02454590083456054,0.33430202387130237,0.7179208169414917,0.9273535622985439,0.22225656877898003,-0.34074432092798435
Ecuador,45.93,Low,37.57,Low,75.39,High,94.51,Very High,30.28,Very Low,12.0,High,37.68,Moderate,59.05,Moderate,125.58,Moderate,0,South America,-0.6893440274992837,-0.48448460349542255,0.3959253804614631,0.8883238194084069,0.7927513183225915,0.9490941424919418,0.2842864502833591,-0.07491541807636515
Egypt,21.15,Very Low,52.64,Moderate,47.32,Moderate,91.98,Very High,19.46,Very Low,17.85,Very High,48.1,High,82.67,Very High,85.41,Very Low,0,Africa,-0.8668003437410483,-0.1261443347996669,-0.29307805596465375,0.835806953814219,0.9738846572361263,0.9230854729354229,0.06955177743431218,-0.5315611406476557
El Salvador,33.72,Very Low,40.58,Moderate,51.67,Moderate,86.6,Very High,38.13,Very Low,16.0,Very High,40.39,Moderate,75.37,High,93.05,Very Low,0,North America,-0.7767831566886279,-0.41291166329806195,-0.18630338733431517,0.7241307732226256,0.6613375742864318,0.9313104368122708,0.2284389489953632,-0.3904301594973416
Equatorial Guinea,30.87,Very Low,52.16,Moderate,42.59,Moderate,79.0,High,51.87,Low,7.15,Low,20.5,Very Low,59.85,Moderate,115.31,Low,2,Africa,-0.7971927814379833,-0.13755795981452845,-0.40918016691212555,0.5663725998962117,0.43132167071231287,0.9706568856285428,0.6383307573415766,-0.09038182696955044
Eritrea,58.05,Low,72.86,High,55.56,Moderate,83.61,Very High,53.58,Low,4.41,Very Low,31.46,Very Low,15.52,Very Low,169.2,Very High,3,Africa,-0.6025494127757088,0.3546546189513733,-0.09081983308787422,0.6620653866113129,0.40269523729806656,0.9828387240191174,0.41246780010303974,0.7666505558240697
Estonia,83.91,Moderate,76.37,High,75.93,High,64.28,High,50.4,Low,11.27,Moderate,21.57,Very Low,17.02,Very Low,185.1,Very High,0,Europe,-0.4173589229447149,0.43811675187254817,0.4091801669121258,0.2608199273482097,0.45593035908596313,0.9523396687784818,0.6162802679031427,0.7376510391493476
Eswatini,64.57,Moderate,56.45,Moderate,61.11,High,79.17,High,24.22,Very Low,2.82,Very Low,31.0,Low,32.07,Low,152.35,High,2,Africa,-0.555857920366657,-0.03554868624420382,0.04540991654393722,0.569901401141671,0.8941993805976396,0.9899077470267867,0.4219474497681608,0.44668922184630266
Ethiopia,13.59,Very Low,49.1,Moderate,53.46,Moderate,96.82,Very High,43.89,Low,49.87,Very High,63.36,Very High,73.24,High,48.88,Very Low,0,Africa,-0.9209395588656545,-0.21031981928427035,-0.14236622484045158,0.9362740010378827,0.5649116933121286,0.7807269089696565,-0.24492529623905201,-0.34925084581923604
Falkland Islands,93.95,High,55.64,Moderate,66.72,High,83.37,Very High,70.12,Moderate,7.89,Low,40.0,Moderate,3.45,Very Low,197.91,Very High,6,South America,-0.34545975365224846,-0.05480917845678257,0.1831124202258223,0.6570835495589,0.12580564158366125,0.9673669000778037,0.2364760432766615,1.0
Faroe Islands,135.02,Very High,83.57,Very High,65.08,High,69.46,High,70.44,Moderate,8.75,Moderate,17.85,Very Low,4.91,Very Low,194.81,Very High,5,Europe,-0.051346319106272964,0.6093211270954701,0.1428571428571428,0.3683445770627918,0.12044864819619994,0.9635434033566744,0.6929417825862958,0.9717738037699373
Fiji,57.77,Low,43.44,Moderate,48.18,Moderate,71.89,High,33.42,Very Low,6.51,Low,40.93,Moderate,53.44,Moderate,122.12,Moderate,0,Oceania,-0.6045545688914349,-0.34490548091784556,-0.2719685812469317,0.4187856772184744,0.7401858207081277,0.9735022785372902,0.21731066460587334,0.03354277428709529
Finland,126.13,Very High,73.57,High,77.57,High,58.87,Moderate,60.04,Moderate,8.16,Moderate,25.56,Very Low,11.83,Very Low,203.06,Very High,0,Europe,-0.1150100257805785,0.37153727261918923,0.44943544428080506,0.14852101712506482,0.29455093328869175,0.9661664999444259,0.5340546110252448,0.837989366843886
France,111.7,Very High,44.56,Moderate,77.78,High,89.71,Very High,59.48,Low,10.55,Moderate,34.72,Low,43.56,Moderate,165.08,Very High,0,Europe,-0.21834717845889406,-0.3182736892165021,0.454590083456063,0.7886870783601452,0.3039256717167491,0.9555407358008224,0.3452859350850078,0.22455292411793148
French Guiana,70.98,Moderate,36.87,Low,55.56,Moderate,84.44,Very High,40.98,Low,8.04,Moderate,27.5,Low,37.3,Low,146.62,High,4,South America,-0.5099541678602117,-0.5011294733087622,-0.09081983308787422,0.6792942397509081,0.6136268519293547,0.9667000111148161,0.4940752189592994,0.34557757370710507
French Polynesia,126.95,Very High,79.04,High,96.3,Very High,70.63,High,51.59,Low,29.58,Very High,30.0,Low,52.3,Moderate,172.04,Very High,4,Oceania,-0.10913778287023757,0.5016050410177153,0.9091801669121258,0.39263103269330557,0.4360090399263413,0.8709347560297878,0.4425553838227718,0.055582406959884256
Gabon,20.07,Very Low,39.86,Low,31.48,Low,63.49,High,48.7,Low,69.71,Very High,16.35,Very Low,76.47,High,67.96,Very Low,2,Africa,-0.8745345173302778,-0.43003210082035415,-0.6818851251840942,0.24442138038401673,0.48438938645685115,0.6925197287984883,0.7238536836682123,-0.41169647172547097
Gambia,7.25,Very Low,40.88,Moderate,66.67,High,90.46,Very High,27.72,Very Low,103.29,Very High,65.0,Very High,61.67,High,88.24,Very Low,2,Africa,-0.966342022343168,-0.4057781476637734,0.18188512518409428,0.8042553191489361,0.8356072654222819,0.5432255196176503,-0.2787223080886141,-0.12556790720154654
Georgia,40.6,Low,73.9,High,56.34,Moderate,88.53,Very High,32.0,Very Low,12.21,High,38.63,Moderate,67.54,High,125.48,Moderate,0,Asia,-0.7275136064164994,0.37938413981690666,-0.071674030436917,0.7641930461857811,0.7639574788649871,0.948160497943759,0.2647089129314786,-0.23905268245529232
Germany,130.01,Very High,60.77,High,71.97,High,83.3,Very High,59.56,Low,9.12,Moderate,29.82,Low,28.81,Low,189.75,Very High,0,Europe,-0.08722429103408746,0.06717393888954959,0.3119783996072656,0.655630513751946,0.30258642336988373,0.9618984105813049,0.4462648119526018,0.509714838086032
Ghana,17.4,Very Low,54.65,Moderate,57.38,Moderate,67.03,High,30.49,Very Low,81.28,Very High,39.67,Moderate,86.91,Very High,17.47,Very Low,0,Africa,-0.893655113148095,-0.07834978004993443,-0.04614629356897382,0.3179034769071094,0.7892357914120701,0.6410803601200399,0.2432766615146832,-0.6135331077815367
Gibraltar,103.02,High,79.77,High,67.13,High,75.33,High,59.05,Low,16.0,Very High,16.2,Very Low,61.64,High,160.45,Very High,2,Europe,-0.2805070180464049,0.5189632623944835,0.19317623956799213,0.49019200830306175,0.31112413158115015,0.9313104368122708,0.7269448737764039,-0.1249879168680521
Greece,59.69,Low,53.44,Moderate,58.2,Moderate,91.79,Very High,47.78,Low,12.72,High,33.53,Low,50.07,Moderate,136.83,Moderate,0,Europe,-0.5908049269550271,-0.10712162644156464,-0.026018654884634174,0.8318629994810587,0.49979074244580235,0.945893075469601,0.3698093766099949,0.09869502174963762
Greenland,139.14,Very High,62.16,High,51.39,Moderate,84.17,Very High,83.09,High,4.75,Very Low,34.59,Low,77.11,High,147.36,High,2,North America,-0.021841879117731167,0.10022589466175247,-0.19317623956799213,0.6736896730669435,-0.09131999665187918,0.9813271090363455,0.3479649665121072,-0.42406959884001916
Grenada,31.88,Very Low,75.07,High,65.28,High,77.43,High,75.44,High,175.23,Very High,40.0,Moderate,49.18,Moderate,121.21,Moderate,2,North America,-0.7899598968776853,0.4072048507906314,0.14776632302405512,0.5337830825116763,0.036745626517117325,0.22338557296876727,0.2364760432766615,0.11590140164330609
Guadeloupe,120.6,Very High,72.18,High,93.06,Very High,78.9,High,57.98,Low,9.65,Moderate,34.1,Very Low,75.86,High,152.68,High,3,North America,-0.15461185906617003,0.33848531684698635,0.8296514482081492,0.5642968344577064,0.32903657822047394,0.9595420695787484,0.3580628541988665,-0.39990333494441743
Guam,32.85,Very Low,36.34,Low,36.19,Low,80.17,Very High,62.66,Moderate,75.64,Very High,30.0,Low,51.83,Moderate,95.59,Very Low,5,Oceania,-0.7830134631910626,-0.5137320175960051,-0.5662739322533137,0.5906590555267255,0.25069054992885254,0.6661553851283761,0.4425553838227718,0.06466892218463038
Guatemala,40.26,Low,41.92,Moderate,67.33,High,99.89,Very High,36.67,Very Low,11.44,Moderate,50.58,High,73.47,High,107.92,Low,0,North America,-0.7299484388427384,-0.38104862679824025,0.19808541973490423,1.0,0.6857788566167239,0.9515838612870957,0.018444100978876943,-0.35369743837602696
Guernsey,142.95,Very High,76.14,High,61.11,High,73.21,High,66.48,Moderate,9.66,Moderate,16.25,Very Low,11.49,Very Low,204.02,Very High,2,Europe,0.005442566599828336,0.43264772321959355,0.04540991654393722,0.446185781006746,0.18674144136603332,0.9594976103145493,0.7259144770736734,0.8445625906234897
Guinea,58.49,Low,39.95,Low,100.0,Very High,89.82,Very High,47.92,Low,0.68,Very Low,47.09,High,106.67,Very High,108.76,Low,5,Africa,-0.5993984531652821,-0.4278920461300676,1.0000000000000002,0.7909704203425012,0.49744705783878806,0.9994220295654107,0.09036579082946927,-0.9955534074432093
Guinea-Bissau,76.11,Moderate,48.18,Moderate,51.39,Moderate,79.1,High,39.6,Very Low,7.13,Low,20.0,Very Low,56.18,Moderate,127.4,Moderate,3,Africa,-0.4732168433113719,-0.2321959338960884,-0.19317623956799213,0.568448365334717,0.6367288859127815,0.9707458041569412,0.648634724368882,-0.019429676172063592
Guyana,35.0,Very Low,33.65,Low,37.65,Low,78.49,High,44.46,Low,19.72,Very High,52.0,High,60.09,High,96.49,Very Low,2,South America,-0.7676167287310225,-0.5776958744501247,-0.5304369170348552,0.5557861961598338,0.5553695488407132,0.9147715905301768,-0.01081916537867067,-0.09502174963750587
Haiti,77.7,Moderate,21.41,Low,32.72,Low,73.77,High,51.39,Low,5.5,Low,80.67,Very High,94.3,Very High,74.02,Very Low,2,North America,-0.46183042108278416,-0.8687433123290927,-0.6514482081492391,0.4578100674623766,0.43935716079350473,0.9779926642214072,-0.6016486347243688,-0.7564040599323343
Honduras,43.68,Low,27.75,Low,37.83,Low,68.57,High,34.39,Very Low,6.36,Low,19.7,Very Low,75.52,High,92.57,Very Low,2,North America,-0.7054568891435118,-0.7179883485911306,-0.5260186548846343,0.3498702646600933,0.7239474345023856,0.9741691675002778,0.6548171045852653,-0.39333011116481376
Hong Kong (China),108.13,High,78.49,High,66.06,High,83.64,Very High,74.59,High,29.83,Very High,41.81,High,66.86,High,134.04,Moderate,0,Asia,-0.2439129189344026,0.4885269290215195,0.16691212567501235,0.6626881162428646,0.05097514020256133,0.8698232744248082,0.1991756826378156,-0.22590623489608497
Hungary,70.34,Moderate,66.28,High,54.07,Moderate,78.74,High,37.72,Very Low,13.22,High,35.68,Moderate,46.57,Moderate,143.26,Moderate,0,Europe,-0.5145373818390144,0.19819284270598048,-0.12739322533136965,0.5609756097560974,0.6682012220641166,0.943670112259642,0.32550231839258115,0.16636056065732252
Iceland,126.81,Very High,74.26,High,67.63,High,68.81,High,81.71,High,6.39,Low,21.35,Very Low,15.84,Very Low,202.04,Very High,0,Europe,-0.11014036092810064,0.3879443585780529,0.2054491899852724,0.3548521017125066,-0.06821796266845226,0.9740357897076803,0.6208140133951572,0.7604639922667957
India,86.09,High,55.67,Moderate,65.43,High,64.1,High,19.93,Very Low,11.26,Moderate,46.54,High,72.89,High,124.7,Moderate,0,Asia,-0.40174735032941833,-0.05409582689335379,0.1514482081492392,0.25708354955889967,0.9660165731982926,0.9523841280426809,0.10170015455950543,-0.34248429192846763
Indonesia,33.47,Very Low,54.11,Moderate,60.84,High,63.76,High,25.31,Very Low,16.65,Very High,43.11,High,67.99,High,99.98,Very Low,0,Asia,-0.7785734746490975,-0.09119010819165374,0.03878252331860588,0.2500259470679813,0.8759521218715997,0.9284205846393242,0.17238536836682128,-0.24775253745770875
Iran,29.9,Very Low,49.67,Moderate,52.62,Moderate,70.99,High,24.03,Very Low,20.05,Very High,46.92,High,75.24,High,85.42,Very Low,0,Asia,-0.8041392151246061,-0.19676613957912248,-0.16298478154148266,0.40010378827192516,0.8973800954214448,0.9133044348116038,0.0938691396187532,-0.38791686805219894
Iraq,55.15,Low,57.47,Moderate,45.9,Moderate,46.98,Moderate,26.81,Very Low,8.17,Moderate,37.05,Moderate,71.53,High,107.76,Low,0,Asia,-0.6233171011171583,-0.011294733087623188,-0.32793323514972994,-0.09828749351323307,0.8508412153678748,0.9661220406802268,0.2972694487377642,-0.31619139681005315
Ireland,112.53,Very High,52.53,Moderate,51.38,Moderate,87.83,Very High,60.85,Moderate,6.58,Low,37.76,Moderate,34.79,Low,166.37,Very High,0,Europe,-0.2124033228301344,-0.12875995719890598,-0.19342169857633773,0.7496626881162427,0.2809910437766805,0.973191063687896,0.28263781555899026,0.39410343160947325
Isle Of Man,140.64,Very High,79.57,High,72.61,High,74.99,High,62.41,Moderate,3.63,Very Low,11.25,Very Low,18.12,Very Low,203.53,Very High,2,Europe,-0.011099971354912475,0.5142075853049577,0.32768777614138433,0.4831344058121432,0.25487570101280665,0.9863065466266533,0.8289541473467286,0.716384726921218
Israel,108.83,High,68.25,High,73.34,High,93.78,Very High,63.19,Moderate,13.98,High,36.61,Moderate,56.84,Moderate,161.76,Very High,0,Asia,-0.2389000286450872,0.2450362620378077,0.34560628375061375,0.8731707317073172,0.24181802963086985,0.9402912081805046,0.306336939721793,-0.032189463508941474
Italy,87.2,High,53.03,Moderate,65.13,High,90.78,Very High,52.12,Low,9.47,Moderate,32.36,Low,53.67,Moderate,151.06,High,0,Europe,-0.3937983385849325,-0.11687076447509193,0.14408443789887082,0.8108977685521537,0.42713651962835875,0.9603423363343336,0.39392065945388977,0.029096181730304593
Ivory Coast,12.91,Very Low,43.57,Moderate,44.44,Moderate,75.46,High,39.62,Very Low,41.78,Very High,43.5,High,94.87,Very High,67.04,Very Low,2,Africa,-0.9258092237181322,-0.341814290809654,-0.36377025036818855,0.4928905033731188,0.6363940738260653,0.8166944537067911,0.164348274085523,-0.7674238762687289
Jamaica,36.87,Very Low,32.61,Low,51.52,Moderate,71.58,High,49.56,Low,20.19,Very High,44.5,High,66.31,High,83.92,Very Low,0,North America,-0.7542251503867086,-0.602425395315658,-0.18998527245949925,0.4123508043591073,0.46999246672804895,0.9126820051128154,0.14374034003091196,-0.2152730787820203
Japan,120.74,Very High,77.07,High,79.81,High,85.26,Very High,46.99,Low,12.29,High,40.33,Moderate,38.55,Low,184.32,Very High,0,Asia,-0.15360928100830695,0.45476162168588763,0.5044182621502209,0.696315516346653,0.5130158198710973,0.9478048238301656,0.2296754250386399,0.32141130981150334
Jersey,104.07,High,74.32,High,53.94,Moderate,72.02,High,77.04,High,13.33,High,27.0,Low,26.72,Low,181.72,Very High,2,Europe,-0.2729876826124318,0.3893710617049102,-0.13058419243986252,0.4214841722885312,0.009960659579810738,0.9431810603534512,0.5043791859866049,0.5501208313194781
Jordan,52.44,Low,59.78,Moderate,65.23,High,89.05,Very High,37.64,Very Low,6.77,Low,39.38,Moderate,77.1,High,125.01,Moderate,0,Asia,-0.6427241478086507,0.043633337296397734,0.1465390279823271,0.7749870264660093,0.6695404704109819,0.9723463376681116,0.2492529623905203,-0.4238762687288542
Kazakhstan,51.89,Low,54.62,Moderate,60.65,High,39.78,Moderate,28.08,Very Low,10.27,Moderate,35.62,Moderate,73.16,High,105.92,Low,0,Asia,-0.6466628473216842,-0.07906313161336342,0.034118802160039374,-0.2477426050856253,0.8295806478613879,0.9567855951983995,0.32673879443585785,-0.3477042049299177
Kenya,35.6,Very Low,44.24,Moderate,61.54,High,99.79,Very High,28.23,Very Low,18.77,Very High,50.59,High,69.04,High,101.33,Low,0,Africa,-0.7633199656258951,-0.3258827725597431,0.055964653902798256,0.9979242345614945,0.8270695572110154,0.9189952206290986,0.01823802163833066,-0.26805219913001443
Kiribati,281.83,Very High,81.86,Very High,55.56,Moderate,50.04,Moderate,55.26,Low,5.33,Very Low,47.9,High,106.9,Very High,163.64,Very High,3,Oceania,1.0000000000000002,0.5686600879800263,-0.09081983308787422,-0.03476907109496641,0.3745710220138948,0.9787484717127931,0.07367336424523452,-0.9999999999999998
Kuwait,176.8,Very High,67.19,High,57.93,Moderate,20.22,Moderate,40.82,Low,6.69,Low,35.32,Moderate,69.37,High,159.55,High,0,Asia,0.24785161844743664,0.21983117346332204,-0.03264604810996552,-0.6537623248572912,0.6163053486230854,0.972702011781705,0.33292117465224114,-0.2744320927984534
Kyrgyzstan,35.11,Very Low,46.17,Moderate,57.62,Moderate,58.11,Moderate,25.72,Very Low,12.89,High,37.7,Moderate,70.38,High,98.32,Very Low,0,Asia,-0.7668289888284159,-0.2799904886458209,-0.04025527736867951,0.13274519979242339,0.8690884740939149,0.945137267978215,0.28387429160226685,-0.2939584340260992
Laos,32.51,Very Low,63.72,High,34.44,Low,77.44,High,32.57,Very Low,12.67,High,22.4,Very Low,78.51,High,111.27,Low,2,Asia,-0.7854482956173016,0.13732017596005242,-0.6092292587137949,0.5339906590555266,0.7544153343935717,0.9461153717905969,0.5991756826378156,-0.45113581440309325
Latvia,76.15,Moderate,62.8,High,62.4,High,74.7,High,44.96,Low,8.38,Moderate,28.7,Low,30.4,Low,164.22,Very High,0,Europe,-0.47293039243769674,0.1154440613482346,0.07707412862052032,0.47711468604047735,0.546999246672805,0.965188396132044,0.46934569809376614,0.4789753504108266
Lebanon,34.84,Very Low,53.16,Moderate,63.69,High,94.74,Very High,38.99,Very Low,16.26,Very High,38.75,Moderate,89.41,Very High,98.43,Very Low,0,Asia,-0.7687625322257232,-0.11377957436690034,0.10873834069710364,0.8930980799169692,0.6469406545576296,0.9301544959430921,0.2622359608449253,-0.6618656355727401
Lesotho,66.3,Moderate,32.75,Low,55.56,Moderate,84.19,Very High,50.67,Low,3.11,Very Low,51.0,High,58.62,Moderate,109.94,Low,4,Africa,-0.5434689200802061,-0.59909642135299,-0.09081983308787422,0.6741048261546445,0.45141039591529264,0.9886184283650106,0.009788768675940362,-0.06660222329627818
Liberia,33.34,Very Low,19.13,Very Low,38.89,Low,84.18,Very High,64.1,Moderate,25.57,Very High,30.0,Low,91.76,Very High,71.14,Very Low,2,Africa,-0.7795044399885418,-0.9229580311496849,-0.4999999999999999,0.673897249610794,0.22658407968527672,0.8887629209736578,0.4425553838227718,-0.7072982116964717
Libya,50.47,Low,44.23,Moderate,45.45,Moderate,96.54,Very High,18.72,Very Low,7.62,Low,27.36,Low,53.02,Moderate,134.14,Moderate,0,Africa,-0.6568318533371525,-0.32612055641421933,-0.3389788905252822,0.9304618578100676,0.9862727044446306,0.9685673002111815,0.4969603297269449,0.04166263895601752
Liechtenstein,178.83,Very High,87.84,Very High,70.37,High,71.58,High,94.03,Very High,5.07,Low,19.18,Very Low,6.47,Very Low,202.63,Very High,3,Europe,0.2623890002864513,0.7108548329568425,0.2727049582719687,0.4123508043591073,-0.27446220808571176,0.9799044125819718,0.6655332302936632,0.9416143064282263
Lithuania,80.43,Moderate,67.72,High,74.95,High,67.76,High,44.73,Low,12.25,High,23.36,Very Low,26.14,Low,172.77,Very High,0,Europe,-0.4422801489544541,0.23243371775056487,0.38512518409425645,0.3330565646081993,0.5508495856700428,0.9479826608869623,0.5793920659453891,0.5613339777670373
Luxembourg,195.55,Very High,64.68,High,75.24,High,82.62,Very High,63.72,Moderate,8.48,Moderate,27.04,Low,23.27,Low,224.31,Very High,0,Europe,0.38212546548267,0.16014742598977572,0.3922434953362788,0.6415153087701091,0.23294550933288694,0.9647438034900522,0.5035548686244204,0.616819719671339
Macao (China),106.51,High,79.52,High,51.0,Moderate,81.7,Very High,57.26,Low,21.1,Very High,16.73,Very Low,67.58,High,149.76,High,0,Asia,-0.2555141793182467,0.5130186660325764,-0.20274914089347074,0.6224182667358589,0.34108981334226174,0.9086362120706902,0.7160226687274601,-0.23982600289995148
Madagascar,16.75,Very Low,35.59,Low,39.32,Low,63.52,High,21.27,Very Low,22.4,Very High,31.75,Low,86.87,Very High,80.64,Very Low,2,Africa,-0.8983099398453165,-0.5315658066817261,-0.48944526264113886,0.24504411001556825,0.9435841633882984,0.9028565077247972,0.4064914992272025,-0.6127597873368777
Malawi,29.25,Very Low,43.89,Moderate,37.5,Low,82.02,Very High,35.35,Very Low,81.6,Very High,20.34,Very Low,64.16,High,83.64,Very Low,2,Africa,-0.8087940418218275,-0.3342052074664128,-0.5341188021600393,0.6290607161390762,0.7078764543400017,0.6396576636656663,0.6416280267903143,-0.17370710488158503
Malaysia,86.32,High,51.03,Moderate,70.37,High,56.55,Moderate,29.82,Very Low,8.5,Moderate,37.17,Moderate,61.14,High,136.22,Moderate,0,Asia,-0.4001002578057862,-0.16442753537034815,0.2727049582719687,0.10036325895173848,0.8004519963170671,0.9646548849616539,0.29479649665121077,-0.11532141130981133
Maldives,52.96,Low,45.91,Moderate,45.94,Moderate,83.39,Very High,45.85,Low,11.61,Moderate,19.4,Very Low,74.55,High,106.47,Low,2,Asia,-0.6390002864508735,-0.2861728688622043,-0.3269513991163475,0.6574987026466008,0.5321001088139282,0.9508280537957097,0.6609994848016487,-0.37457709038182685
Mali,25.43,Very Low,52.92,Moderate,18.52,Very Low,75.66,High,43.54,Low,100.71,Very High,48.2,High,85.52,Very High,72.38,Very Low,5,Africa,-0.8361501002578057,-0.119486386874331,-1.0,0.4970420342501296,0.5707709048296644,0.5546960097810381,0.06749098402885112,-0.5866602223296276
Malta,78.04,Moderate,57.09,Moderate,52.12,Moderate,97.44,Very High,48.99,Low,11.14,Moderate,28.33,Low,75.5,High,132.54,Moderate,0,Europe,-0.4593955886565452,-0.020330519557721916,-0.17525773195876293,0.9491437467566164,0.4795346111994644,0.952917639213071,0.4769706336939723,-0.39294345094248406
Marshall Islands,72.4,Moderate,72.55,High,74.03,High,79.54,High,63.12,Moderate,17.37,Very High,31.58,Very Low,85.63,Very High,117.41,Low,7,Oceania,-0.4997851618447434,0.3472833194626086,0.3625429553264605,0.5775817332641413,0.24298987193437704,0.9252195176169834,0.40999484801648645,-0.5887868535524405
Martinique,94.35,High,37.14,Low,75.0,High,90.39,Very High,60.67,Moderate,6.62,Low,33.69,Very Low,62.59,High,160.29,Very High,3,North America,-0.34259524491549687,-0.4947093092379026,0.38635247913598425,0.8028022833419823,0.2840043525571274,0.9730132266310992,0.36651210716125715,-0.14335427742870954
Mauritania,56.0,Low,61.51,High,46.76,Moderate,86.96,Very High,41.43,Low,14.99,High,36.12,Very Low,78.97,High,118.76,Low,3,Africa,-0.617230020051561,0.0847699441207943,-0.3068237604320079,0.7316035288012452,0.6060935799782373,0.9358008224963876,0.31643482740855233,-0.46002899951667464
Mauritius,49.7,Low,52.71,Moderate,65.18,High,69.45,High,34.6,Very Low,8.59,Moderate,51.17,High,54.8,Moderate,109.23,Low,2,Africa,-0.6623460326553994,-0.12447984781833288,0.14531173294059907,0.3681370005189415,0.7204319075918642,0.9642547515838613,0.006285419886656429,0.007249879168680806
Mexico,48.48,Low,46.47,Moderate,72.39,High,87.51,Very High,35.0,Very Low,11.61,Moderate,39.29,Moderate,58.46,Moderate,127.02,Moderate,0,North America,-0.671082784302492,-0.27285697301153244,0.322287677957781,0.7430202387130256,0.7137356658575376,0.9508280537957097,0.2511076764554354,-0.0635089415176413
Micronesia,14.28,Very Low,55.87,Moderate,53.47,Moderate,80.69,Very High,56.24,Low,14.77,High,17.17,Very Low,71.26,High,112.35,Low,2,Oceania,-0.9159982812947579,-0.04934014980382817,-0.14212076583210598,0.6014530358069536,0.3581652297647946,0.9367789263087696,0.7069551777434313,-0.31097148380860307
Moldova,47.77,Low,55.52,Moderate,52.12,Moderate,76.91,High,31.44,Very Low,12.92,High,27.75,Low,61.33,High,122.53,Moderate,0,Europe,-0.6761672873102261,-0.0576625847104979,-0.17525773195876293,0.5229891022314477,0.7733322172930444,0.9450038901856174,0.48892323544564664,-0.11899468342194286
Monaco,88.24,High,76.38,High,75.0,High,76.5,High,137.37,Very High,39.84,Very High,22.5,Very Low,78.2,High,161.32,Very High,2,Europe,-0.38635061586937824,0.4383545357270242,0.38635247913598425,0.5144784639335755,-1.0,0.8253195509614315,0.5971148892323546,-0.445142580956984
Mongolia,31.73,Very Low,47.53,Moderate,51.63,Moderate,3.54,Low,30.68,Very Low,16.08,Very High,31.42,Low,87.82,Very High,62.52,Very Low,0,Asia,-0.7910340876539672,-0.24765188443704655,-0.1872852233676976,-1.0,0.7860550765882649,0.9309547626986774,0.4132921174652241,-0.6311261478975347
Montenegro,57.92,Low,64.59,High,41.05,Moderate,89.02,Very High,37.37,Very Low,12.92,High,16.89,Very Low,43.7,Moderate,147.33,High,0,Europe,-0.6034803781151531,0.15800737129948894,-0.446980854197349,0.7743642968344575,0.6740604335816525,0.9450038901856174,0.7127253992787224,0.22184630256162408
Montserrat,143.64,Very High,93.38,Very High,71.89,High,63.03,High,57.8,Low,6.94,Low,19.62,Very Low,29.62,Very Low,178.55,Very High,8,North America,0.01038384417072491,0.8425870883367019,0.31001472754050075,0.23487285936689162,0.33204988700092086,0.9715905301767256,0.6564657393096343,0.4940550990816821
Morocco,42.23,Low,52.34,Moderate,46.87,Moderate,86.09,Very High,27.76,Very Low,13.42,High,35.16,Moderate,68.66,High,110.96,Low,0,Africa,-0.7158407333142365,-0.13327785043395535,-0.3041237113402062,0.713544369486248,0.8349376412488492,0.9427809269756585,0.336218444100979,-0.26070565490575137
Mozambique,18.54,Very Low,38.05,Low,41.15,Moderate,80.09,Very High,39.14,Very Low,50.55,Very High,30.0,Low,71.57,High,92.21,Very Low,2,Africa,-0.8854912632483528,-0.4730709784805611,-0.44452626411389295,0.5889984431759212,0.6444295639072571,0.7777036790041125,0.4425553838227718,-0.3169647172547121
Myanmar,19.87,Very Low,49.14,Moderate,48.6,Moderate,70.3,High,35.88,Very Low,17.19,Very High,49.09,High,89.79,Very High,65.28,Very Low,2,Asia,-0.8759667716986536,-0.2093686838663653,-0.26165930289641626,0.3857810067462375,0.699003934042019,0.9260197843725686,0.04914992272024721,-0.6692121797970034
Namibia,68.25,Moderate,36.45,Low,65.07,High,89.9,Very High,30.18,Very Low,3.55,Very Low,26.18,Very Low,40.72,Moderate,125.14,Moderate,2,Africa,-0.5295044399885418,-0.511116395196766,0.1426116838487972,0.7926310326933057,0.7944253787561731,0.9866622207402468,0.521277691911386,0.2794586756887386
Nauru,34.51,Very Low,49.05,Moderate,44.81,Moderate,71.14,High,38.32,Very Low,17.47,Very High,35.27,Very Low,101.72,Very High,52.77,Very Low,7,Oceania,-0.7711257519335433,-0.21150873855665187,-0.35468826705940093,0.40321743642968344,0.6581568594626267,0.9247749249749917,0.33395157135497167,-0.8998550024166263
Nepal,28.36,Very Low,63.5,High,57.7,Moderate,92.64,Very High,23.48,Very Low,33.09,Very High,33.45,Low,83.87,Very High,88.97,Very Low,0,Asia,-0.8151675737610999,0.13208893116157427,-0.038291605301914444,0.8495070057083549,0.9065874278061439,0.8553295542958763,0.37145801133436374,-0.5547607539874335
Netherlands,134.19,Very High,73.36,High,79.47,High,87.42,Very High,61.41,Moderate,7.63,Low,23.14,Very Low,21.14,Low,211.85,Very High,0,Europe,-0.05729017473503273,0.36654381167518735,0.4960726558664703,0.7411520498183706,0.27161630534862313,0.9685228409469823,0.5839258114374034,0.6579990333494443
New Caledonia,99.69,High,36.91,Low,54.17,Moderate,85.6,Very High,73.43,High,8.43,Moderate,32.5,Low,59.31,Moderate,141.34,Moderate,2,Oceania,-0.3043540532798623,-0.5001783378908572,-0.1249386352479136,0.7033731188375711,0.07039424123210836,0.9649660998110481,0.39103554868624424,-0.0799420009666505
New Zealand,123.9,Very High,51.87,Moderate,68.61,High,95.46,Very High,59.36,Low,8.63,Moderate,32.56,Low,26.0,Low,186.57,Very High,0,Oceania,-0.13097966198796884,-0.14445369159434063,0.22950417280314195,0.9080435910742084,0.305934544237047,0.9640769145270646,0.38979907264296754,0.5640405993233447
Nicaragua,25.14,Very Low,49.25,Moderate,61.57,High,82.83,Very High,31.13,Very Low,18.98,Very High,53.83,High,60.78,High,96.64,Very Low,2,North America,-0.8382268690919507,-0.20675306146712624,0.05670103092783507,0.6458744161909704,0.7785218046371475,0.9180615760809159,-0.0485316846986088,-0.10836152730787818
Niger,7.04,Very Low,33.38,Low,30.56,Low,90.4,Very High,132.99,Very High,2.0,Very High,20.0,Very Low,63.79,High,95.41,Very Low,2,Africa,-0.9678458894299626,-0.5841160385209843,-0.70446735395189,0.8030098598858331,-0.9266761530091236,0.9935534066911192,0.648634724368882,-0.16655389076848715
Nigeria,11.37,Very Low,33.51,Low,48.17,Moderate,60.75,High,27.29,Very Low,25.59,Very High,65.31,Very High,87.91,Very High,41.24,Very Low,0,Africa,-0.9368375823546261,-0.5810248484127927,-0.2722140402552773,0.1875454073689673,0.842805725286683,0.8886740024452595,-0.28511076764554355,-0.6328661188980182
Niue,87.13,High,47.47,Moderate,64.72,High,73.37,High,43.18,Low,28.61,Very High,28.13,Very Low,46.55,Moderate,126.25,Moderate,8,Oceania,-0.39429962761386406,-0.24907858756390433,0.134020618556701,0.449507005708355,0.5767975223905584,0.8752473046571079,0.4810922205048944,0.1667472208796522
North Korea,18.89,Very Low,46.53,Moderate,34.13,Low,63.42,High,33.59,Very Low,30.31,Very High,16.65,Very Low,72.41,High,69.32,Very Low,2,Asia,-0.8829848181036951,-0.27143026988467467,-0.6168384879725085,0.24296834457706273,0.7373399179710388,0.8676892297432477,0.717671303451829,-0.33320444659255655
North Macedonia,59.26,Low,59.17,Moderate,55.12,Moderate,76.3,High,30.57,Very Low,12.24,High,24.91,Very Low,79.59,High,119.96,Low,0,Europe,-0.5938842738470351,0.029128522173344606,-0.10162002945508108,0.5103269330565645,0.7878965430652047,0.9480271201511615,0.5474497681607419,-0.47201546640889314
Northern Mariana Islands,84.02,Moderate,64.03,High,44.44,Moderate,80.14,Very High,51.24,Low,36.43,Very High,22.58,Very Low,33.33,Low,148.48,High,5,Oceania,-0.41657118304210816,0.1446914754488171,-0.36377025036818855,0.5900363258951737,0.4418682514438772,0.8404801600533511,0.5954662545079856,0.4223296278395362
Norway,122.3,Very High,67.05,High,75.65,High,68.5,High,71.27,Moderate,8.38,Moderate,26.67,Very Low,18.32,Very Low,194.48,Very High,0,Europe,-0.14243769693497543,0.21650219950065397,0.4023073146784488,0.3484172288531395,0.1065539465974723,0.965188396132044,0.5111798042246265,0.7125181246979218
Oman,160.38,Very High,81.94,Very High,65.11,High,67.22,High,39.3,Very Low,2.81,Very Low,20.54,Very Low,34.71,Low,213.42,Very High,0,Asia,0.13026353480378128,0.5705623588158366,0.1435935198821796,0.3218474312402697,0.6417510672135265,0.9899522062909859,0.6375064399793922,0.3956500724987918
Pakistan,30.57,Very Low,56.31,Moderate,59.38,Moderate,71.93,High,17.9,Very Low,14.3,High,38.01,Moderate,73.31,High,104.14,Low,0,Asia,-0.799341162990547,-0.03887766020687167,0.002945508100147265,0.4196159833938766,1.0,0.938868511726131,0.2774858320453375,-0.35060415659738986
Palau,107.57,High,73.24,High,67.56,High,72.37,High,62.44,Moderate,23.2,Very High,20.76,Very Low,14.37,Very Low,202.14,Very High,6,Oceania,-0.2479232311658549,0.363690405421472,0.20373097692685338,0.4287493513233005,0.2543734828827322,0.8992997665888629,0.6329726944873777,0.7888835186080233
Palestine,49.62,Low,57.24,Moderate,52.36,Moderate,62.29,High,38.29,Very Low,6.71,Low,48.5,High,65.03,High,108.05,Low,2,Asia,-0.6629189344027497,-0.016763761740577587,-0.1693667157584684,0.2195121951219512,0.6586590775927011,0.9726130932533067,0.06130860381246783,-0.1905268245529239
Panama,44.91,Low,57.32,Moderate,60.66,High,67.84,High,43.83,Low,11.68,Moderate,35.24,Moderate,55.63,Moderate,122.74,Moderate,0,North America,-0.6966485247780005,-0.014861490904767516,0.03436426116838476,0.3347171769590036,0.5659161295722777,0.9505168389463154,0.33456980937660996,-0.008796520057998913
Papua New Guinea,13.71,Very Low,19.89,Very Low,23.86,Low,79.7,High,69.3,Moderate,450.4,Very High,44.56,High,78.81,High,27.59,Very Low,2,Oceania,-0.9200802062446289,-0.9048864582094875,-0.8689248895434462,0.5809029579657499,0.1395329371390308,-1.0,0.14250386398763526,-0.45693571773803754
Paraguay,41.24,Low,39.84,Low,64.52,High,92.24,Very High,23.19,Very Low,15.68,High,42.83,High,66.16,High,109.45,Low,0,South America,-0.7229303924376969,-0.43050766852930666,0.1291114383897889,0.8412039439543331,0.9114422030635306,0.9327331332666444,0.17815558990211233,-0.21237312711454792
Peru,39.16,Very Low,32.77,Low,56.28,Moderate,97.69,Very High,29.43,Very Low,18.58,Very High,49.78,High,82.19,Very High,85.92,Very Low,0,South America,-0.7378258378688054,-0.5986208536440374,-0.07314678448699063,0.95433316035288,0.8069808320080356,0.9198399466488829,0.034930448222565635,-0.5222812953117446
Philippines,37.95,Very Low,56.92,Moderate,67.2,High,61.23,High,28.77,Very Low,22.2,Very High,41.29,High,72.38,High,96.95,Very Low,0,Asia,-0.7464909767974791,-0.02437284508381854,0.19489445262641159,0.19750908147379342,0.8180296308696745,0.9037456930087807,0.20989180834621335,-0.3326244562590621
Poland,93.75,High,70.99,High,57.92,Moderate,75.9,High,39.35,Very Low,11.03,Moderate,31.79,Low,55.51,Moderate,153.6,High,0,Europe,-0.34689200802062425,0.31018903816430865,-0.032891507118311125,0.5020238713025429,0.6409140369967357,0.953406691119262,0.40566718186501804,-0.0064765587240211975
Portugal,62.54,Moderate,68.17,High,72.42,High,97.31,Very High,41.72,Low,13.97,High,28.65,Low,28.8,Low,168.85,Very High,0,Europe,-0.5703953022056716,0.24313399120199763,0.32302405498281783,0.9464452516865594,0.6012388047208506,0.9403356674447038,0.47037609479649667,0.5099081681971968
Puerto Rico,112.17,Very High,38.52,Low,58.5,Moderate,88.35,Very High,59.23,Low,4.21,Very Low,33.69,Low,47.86,Moderate,165.25,Very High,2,North America,-0.21498138069321093,-0.46189513732017573,-0.01865488463426601,0.7604566683964711,0.30811082280070323,0.9837279093031011,0.36651210716125715,0.14142097631706152
Qatar,184.27,Very High,84.05,Very High,73.45,High,36.03,Moderate,48.27,Low,5.06,Low,29.01,Low,60.0,High,192.73,Very High,0,Asia,0.3013463191062735,0.6207347521103319,0.3483063328424154,-0.3255838090295796,0.4915878463212522,0.979948871846171,0.4629572385368367,-0.09328177863702258
Republic of the Congo,20.45,Very Low,45.71,Moderate,68.52,High,89.9,Very High,54.46,Low,35.01,Very High,48.14,High,77.59,High,90.16,Very Low,3,Africa,-0.8718132340303637,-0.2909285459517297,0.22729504172803128,0.7926310326933057,0.387963505482548,0.8467933755696343,0.06872746007212782,-0.43334944417593024
Reunion,96.1,High,53.09,Moderate,71.3,High,83.12,Very High,52.71,Low,7.95,Low,31.48,Very Low,32.67,Low,180.15,Very High,3,Africa,-0.3300630191922084,-0.11544406134823415,0.29553264604811,0.6518941359626362,0.41725956307022694,0.9671001444926086,0.4120556414219475,0.43508941517641375
Romania,73.36,Moderate,67.82,High,56.51,Moderate,77.0,High,34.66,Very Low,10.16,Moderate,33.36,Low,58.61,Moderate,142.14,Moderate,0,Europe,-0.4929103408765395,0.23481155629532746,-0.06750122729504171,0.5248572911261027,0.7194274713317153,0.9572746471045904,0.37331272539927873,-0.06640889318511345
Russia,55.66,Low,61.3,High,61.41,High,43.6,Moderate,25.25,Very Low,14.84,High,43.35,High,59.13,Moderate,113.56,Low,0,Europe,-0.6196648524777999,0.07977648317679242,0.052773686794305386,-0.1684483653347172,0.8769565581317487,0.9364677114593754,0.16743946419371458,-0.07646205896568392
Rwanda,20.5,Very Low,72.81,High,72.87,High,99.74,Very High,37.05,Very Low,446.83,Very High,15.67,Very Low,39.22,Low,0.0,Very Low,0,Africa,-0.8714551704382698,0.353465699678992,0.3340697103583703,0.9968863518422415,0.6794174269691137,-0.9841280426808938,0.7378670788253479,0.3084581923634607
Saint Kitts And Nevis,65.48,Moderate,59.98,Moderate,50.0,Moderate,79.94,High,40.22,Low,20.27,Very High,15.0,Very Low,36.21,Low,151.17,High,4,North America,-0.5493411629905469,0.04838901438592336,-0.22729504172803128,0.5858847950181629,0.6263497112245753,0.912326330999222,0.7516743946419372,0.3666505558240697
Saint Lucia,43.92,Low,39.08,Low,49.9,Moderate,81.46,Very High,41.44,Low,0.85,Very Low,7.0,Very Low,46.22,Moderate,133.2,Moderate,4,North America,-0.7037381839014607,-0.4485792414695041,-0.22974963181148755,0.6174364296834456,0.6059261739348791,0.9986662220740247,0.9165378670788253,0.17312711454809104
Saint Vincent And The Grenadines,46.16,Low,62.22,High,31.94,Low,89.4,Very High,60.33,Moderate,4.66,Very Low,10.0,Very Low,42.88,Moderate,133.3,Moderate,3,North America,-0.6876969349756517,0.10165259778861024,-0.6705940108001963,0.7822522055007786,0.2896961580313051,0.981727242414138,0.8547140649149922,0.23769937167713884
Saint-Pierre And Miquelon,125.55,Very High,100.0,Very High,76.76,High,62.27,High,52.63,Low,15.66,High,28.76,Very Low,55.17,Moderate,159.18,High,7,North America,-0.11916356344886836,1.0,0.42955326460481125,0.21909704203425018,0.4185988114170922,0.9328220517950427,0.46810922205048944,9.666505558247884e-05
Samoa,25.96,Very Low,57.94,Moderate,55.56,Moderate,82.28,Very High,41.92,Low,205.03,Very High,25.96,Very Low,39.94,Low,94.92,Very Low,5,Oceania,-0.8323546261816097,-0.00011889192723812947,-0.09081983308787422,0.6344577062791905,0.5978906838536872,0.09089696565521832,0.5258114374034003,0.2945384243595942
San Marino,120.98,Very High,80.65,Very High,83.33,Very High,74.09,High,55.15,Low,5.34,Low,10.0,Very Low,15.36,Very Low,200.15,Very High,4,Europe,-0.15189057576625586,0.5398882415883965,0.5908198330878742,0.4644525168655942,0.37641248849083464,0.978704012448594,0.8547140649149922,0.7697438376027067
Sao Tome And Principe,120.45,Very High,82.56,Very High,86.11,Very High,70.41,High,69.67,Moderate,18.66,Very High,30.93,Very Low,68.97,High,151.24,High,6,Africa,-0.15568604984245182,0.585304957793366,0.659057437407953,0.3880643487285935,0.13333891353477867,0.9194842725352895,0.42339000515198355,-0.2666988883518606
Saudi Arabia,147.37,Very High,76.23,High,61.71,High,45.98,Moderate,42.06,Low,3.09,Very Low,29.87,Low,62.46,High,173.2,Very High,0,Asia,0.03709538814093416,0.4347877779098801,0.06013745704467355,-0.11904514789828757,0.5955469992466729,0.9887073468934089,0.4452344152498712,-0.14084098598356687
Senegal,21.72,Very Low,49.82,Moderate,48.38,Moderate,68.18,High,40.61,Low,24.07,Very High,25.0,Very Low,95.87,Very High,87.65,Very Low,2,Africa,-0.8627184187911772,-0.19319938176197815,-0.2670594010800196,0.3417747794499222,0.6198208755336069,0.8954318106035345,0.545595054095827,-0.7867568873852102
Serbia,58.05,Low,62.75,High,51.96,Moderate,83.23,Very High,36.18,Very Low,16.78,Very High,30.72,Low,65.62,High,123.62,Moderate,0,Europe,-0.6025494127757088,0.1142551420758533,-0.17918507609229262,0.6541774779449923,0.693981752741274,0.9278426142047349,0.42771767130345184,-0.2019333011116482
Seychelles,34.19,Very Low,55.01,Moderate,63.19,High,84.63,Very High,59.88,Low,4.66,Very Low,29.33,Low,36.71,Low,143.29,Moderate,2,Africa,-0.7734173589229446,-0.06978956128878844,0.09646539027982315,0.6832381940840684,0.2972294299824223,0.981727242414138,0.45636269963936127,0.356984050265829
Sierra Leone,66.45,Moderate,42.9,Moderate,31.25,Low,66.15,High,32.03,Very Low,3.23,Very Low,46.25,High,106.03,Very High,54.49,Very Low,5,Africa,-0.5423947293039242,-0.35774580905956466,-0.6875306823760432,0.29963674104826166,0.7634552607349125,0.9880849171946204,0.10767645543534266,-0.9831802803286609
Singapore,108.8,High,72.48,High,71.9,High,57.45,Moderate,79.72,High,20.4,Very High,40.87,Moderate,32.61,Low,157.13,High,0,Asia,-0.23911486680034355,0.3456188324812748,0.3102601865488466,0.11904514789828746,-0.03490416004017738,0.9117483605646326,0.21854714064915004,0.4362493958434027
Sint Maarten,46.37,Low,68.09,High,56.48,Moderate,83.91,Very High,65.56,Moderate,6.92,Low,31.65,Very Low,79.48,High,120.38,Moderate,3,North America,-0.686193067888857,0.24123172036618734,-0.06823760432007853,0.6682926829268292,0.20214279735498453,0.9716794487051239,0.4085522926326637,-0.46988883518608016
Slovakia,75.25,Moderate,69.2,High,58.6,Moderate,80.72,Very High,43.24,Low,14.2,High,27.41,Low,37.3,Low,157.96,High,0,Europe,-0.47937553709538794,0.2676257282130545,-0.016200294550809957,0.6020757654385054,0.5757930861304094,0.9393131043681227,0.4959299330242144,0.34557757370710507
Slovenia,85.89,High,76.17,High,66.26,High,76.11,High,47.58,Low,13.09,High,25.39,Very Low,22.25,Low,178.94,Very High,0,Europe,-0.4031796046977941,0.43336107478302255,0.17182130584192445,0.5063829787234042,0.5031388633129658,0.9442480826942314,0.5375579598145286,0.63653939101015
Solomon Islands,10.77,Very Low,36.13,Low,45.14,Moderate,84.18,Very High,101.05,Very High,1.0,Very High,36.67,Moderate,79.55,High,71.14,Very Low,2,Oceania,-0.9411343454597536,-0.518725478540007,-0.34658811978399595,0.673897249610794,-0.3919812505231437,0.9979993331110371,0.3051004636785162,-0.47124214596423375
Somalia,28.41,Very Low,35.86,Low,40.49,Moderate,84.74,Very High,40.56,Low,360.1,Very High,29.0,Low,63.41,High,29.64,Very Low,2,Africa,-0.8148095101690059,-0.5251456426108666,-0.4607265586647029,0.6855215360664244,0.6206579057503976,-0.5985328442814275,0.46316331787738285,-0.15920734654422408
South Africa,123.08,Very High,25.36,Low,63.83,High,95.25,Very High,31.3,Very Low,3.21,Very Low,38.61,Moderate,56.56,Moderate,155.84,High,0,Africa,-0.13685190489830978,-0.7748186898109618,0.11217476681394212,0.9036844836533471,0.7756759019000586,0.9881738357230188,0.2651210716125709,-0.026776220396326655
South Korea,107.47,High,75.36,High,82.78,Very High,68.39,High,59.94,Low,21.06,Very High,40.32,Moderate,60.93,High,148.74,High,0,Asia,-0.2486393583500428,0.4141005825704436,0.5773195876288659,0.3461338868707835,0.2962249937222734,0.908814049127487,0.22988150437918597,-0.11126147897535033
South Sudan,26.6,Very Low,18.57,Very Low,23.61,Low,80.86,Very High,53.75,Low,2.08,Very Low,36.13,Very Low,56.47,Moderate,103.78,Low,5,Africa,-0.8277714122028071,-0.9362739270003566,-0.8750613647520864,0.6049818370524132,0.3998493345609777,0.9931977325775259,0.31622874806800616,-0.025036249395843146
Spain,101.41,High,63.51,High,77.26,High,94.04,Very High,44.41,Low,8.28,Moderate,26.76,Very Low,35.7,Low,184.67,Very High,0,Europe,-0.2920366657118303,0.13232671501605053,0.4418262150220915,0.8785677218474313,0.5562065790575041,0.9656329887740358,0.5093250901597115,0.3765103914934752
Sri Lanka,17.98,Very Low,57.9,Moderate,71.36,High,59.11,Moderate,33.96,Very Low,39.94,Very High,54.52,High,57.94,Moderate,75.17,Very Low,0,Asia,-0.8895015754798051,-0.0010700273451431652,0.29700540009818366,0.1535028541774779,0.7311458943667867,0.8248749583194398,-0.0627511591962906,-0.05345577573707083
Sudan,45.97,Low,54.5,Moderate,46.78,Moderate,76.69,High,31.14,Very Low,24.64,Very High,38.33,Moderate,67.55,High,110.62,Low,4,Africa,-0.6890575766256086,-0.08191653786707875,-0.30633284241531666,0.5184224182667359,0.7783543985937893,0.8928976325441814,0.270891293147862,-0.23924601256645706
Suriname,19.73,Very Low,47.12,Moderate,42.62,Moderate,79.16,High,39.75,Very Low,3.18,Very Low,28.88,Low,51.15,Moderate,123.45,Moderate,2,South America,-0.8769693497565166,-0.2574010224705743,-0.40844378988708896,0.5696938245978203,0.6342177952624091,0.9883072135156163,0.46563626996393614,0.07781536974383774
Sweden,134.51,Very High,51.74,Moderate,68.43,High,76.49,High,54.84,Low,7.45,Low,28.72,Low,17.66,Very Low,193.48,Very High,0,Europe,-0.0549985677456315,-0.14754488170253222,0.22508591065292105,0.5142708873897248,0.38160207583493766,0.9693231077025675,0.4689335394126739,0.7252779120347995
Switzerland,165.31,Very High,73.69,High,71.5,High,79.24,High,101.18,Very High,10.94,Moderate,33.28,Low,23.06,Low,204.91,Very High,0,Europe,0.16556860498424553,0.37439067887290456,0.30044182621502213,0.5713544369486248,-0.3941575290868,0.9538068244970546,0.37496136012364767,0.6208796520058
Syria,5.22,Very Low,31.5,Low,37.11,Low,77.07,High,23.8,Very Low,118.65,Very High,34.9,Low,74.88,High,68.14,Very Low,2,Asia,-0.9808794041821827,-0.6288194031625252,-0.5436917034855179,0.5263103269330565,0.9012304344186826,0.4749360898077136,0.3415765069551778,-0.38095698405026557
Taiwan,101.65,High,82.89,Very High,86.5,Very High,84.38,Very High,44.79,Low,20.89,Very High,32.81,Low,64.31,High,160.18,Very High,0,Asia,-0.2903179604697792,0.5931518249910832,0.6686303387334316,0.6780487804878048,0.5498451494098938,0.9095698566188729,0.3846470891293148,-0.1766070565490574
Tajikistan,23.92,Very Low,55.6,Moderate,61.9,High,79.63,High,24.6,Very Low,16.11,Very High,27.0,Low,54.02,Moderate,123.47,Moderate,2,Asia,-0.8469636207390432,-0.05576031387468783,0.06480117820324005,0.5794499221587959,0.8878379509500294,0.9308213849060798,0.5043791859866049,0.02232962783953618
Tanzania,23.52,Very Low,46.46,Moderate,42.14,Moderate,71.28,High,25.31,Very Low,134.04,Very High,27.79,Low,62.48,High,0.0,Very Low,0,Africa,-0.8498281294757948,-0.2730947568660087,-0.4202258222876778,0.406123508043591,0.8759521218715997,0.40651328220517946,0.4880989180834622,-0.14122764620589634
Thailand,46.07,Low,62.49,High,77.36,High,69.76,High,33.88,Very Low,25.31,Very High,38.71,Moderate,75.65,High,105.37,Low,0,Asia,-0.6883414494414206,0.1080727618594699,0.44428080510554735,0.37457187337830833,0.732485142713652,0.8899188618428365,0.26306027820710975,-0.39584340260995643
Timor-Leste,259.09,Very High,57.93,Moderate,52.69,Moderate,52.8,Moderate,45.57,Low,4.13,Very Low,25.0,Very Low,60.35,High,187.79,Very High,2,Asia,0.8371526783156691,-0.0003566757817143884,-0.16126656848306342,0.022522055007784036,0.5367874780279569,0.9840835834166944,0.545595054095827,-0.100048332527791
Togo,50.92,Low,54.84,Moderate,54.17,Moderate,61.59,High,31.91,Very Low,7.42,Low,7.0,Very Low,82.5,Very High,98.22,Very Low,2,Africa,-0.653609281008307,-0.07383188681488506,-0.1249386352479136,0.20498183705241302,0.7654641332552106,0.969456485495165,0.9165378670788253,-0.5282745287578539
Tonga,58.58,Low,39.02,Low,62.27,High,91.09,Very High,50.8,Low,2.44,Very Low,41.64,High,52.74,Moderate,114.89,Low,5,Oceania,-0.5987539386995129,-0.4500059445963617,0.07388316151202767,0.8173326414115205,0.44923411735163654,0.9915971990663555,0.20267903142709942,0.047075882068632335
Trinidad And Tobago,45.35,Low,29.01,Low,54.09,Moderate,67.55,High,49.01,Low,14.18,High,56.88,Very High,67.14,High,84.52,Very Low,0,North America,-0.6934975651675737,-0.6880275829271191,-0.12690230731467822,0.3286974571873378,0.4791997991127481,0.9394020228965211,-0.11138588356517265,-0.23131947800869979
Tunisia,33.55,Very Low,55.23,Moderate,57.17,Moderate,93.24,Very High,25.71,Very Low,13.06,High,34.39,Low,70.08,High,115.44,Low,0,Africa,-0.7780005729017473,-0.0645583164903103,-0.05130093274423153,0.8619615983393876,0.869255880137273,0.9443814604868289,0.3520865533230294,-0.28815853069115493
Turkey,52.08,Low,58.74,Moderate,71.22,High,93.26,Very High,35.37,Very Low,11.05,Moderate,43.81,High,64.29,High,130.42,Moderate,0,Asia,-0.6453022056717272,0.018903816430864584,0.2935689739813452,0.8623767514270888,0.7075416422532854,0.9533177725908636,0.15795981452859353,-0.17622039632672792
Turkmenistan,56.54,Low,51.24,Moderate,49.83,Moderate,85.91,Very High,31.34,Very Low,25.99,Very High,17.29,Very Low,38.15,Low,142.43,Moderate,4,Asia,-0.6133629332569464,-0.15943407442634627,-0.2314678448699068,0.7098079916969382,0.775006277726626,0.8868956318772925,0.7044822256568779,0.3291445142580959
Turks And Caicos Islands,65.87,Moderate,51.12,Moderate,54.63,Moderate,83.94,Very High,44.09,Low,10.73,Moderate,27.08,Very Low,32.76,Low,129.78,Moderate,6,North America,-0.5465482669722141,-0.16228748068006182,-0.11364752086401553,0.6689154125583809,0.5615635724449652,0.9547404690452372,0.502730551262236,0.4333494441759306
Tuvalu,116.93,Very High,81.52,Very High,100.0,Very High,81.58,Very High,54.22,Low,0.55,Very Low,23.63,Very Low,41.71,Very Low,182.75,Very High,6,Oceania,-0.18089372672586623,0.5605754369278326,1.0000000000000002,0.6199273482096523,0.39198125052314403,1.0,0.5738279237506441,0.260318994683422
Uganda,10.33,Very Low,45.88,Moderate,50.05,Moderate,98.41,Very High,47.97,Low,1.0,Very High,44.5,High,84.05,Very High,0.0,Very Low,0,Africa,-0.9442853050701804,-0.28688622042563283,-0.22606774668630347,0.9692786715101191,0.49661002762199724,0.9979993331110371,0.14374034003091196,-0.5582406959884001
Ukraine,47.67,Low,53.13,Moderate,55.74,Moderate,70.69,High,24.38,Very Low,13.88,High,37.92,Moderate,62.16,High,114.78,Low,0,Europe,-0.676883414494414,-0.11449292593032911,-0.08640157093765333,0.39387649195640884,0.891520883903909,0.9407358008224964,0.2793405461102525,-0.13504108264862236
United Arab Emirates,132.31,Very High,84.43,Very High,70.63,High,45.84,Moderate,53.8,Low,6.77,Low,35.77,Moderate,47.98,Moderate,176.65,Very High,0,Asia,-0.07075336579776548,0.6297705385804306,0.27908689248895424,-0.12195121951219512,0.399012304344187,0.9723463376681116,0.32364760432766615,0.1391010149830838
United Kingdom,125.05,Very High,51.88,Moderate,72.92,High,87.41,Very High,59.67,Low,8.75,Moderate,34.74,Low,40.47,Moderate,175.2,Very High,0,Europe,-0.12274419936980785,-0.14421590773986437,0.3352970054000983,0.7409444732745198,0.3007449568929439,0.9635434033566744,0.3448737764039155,0.284291928467859
United States,153.02,Very High,50.74,Moderate,67.86,High,79.14,High,65.69,Moderate,3.54,Very Low,32.91,Low,36.61,Low,189.14,Very High,0,North America,0.07755657404755123,-0.17132326715016033,0.21109474717722132,0.5692786715101192,0.19996651879132843,0.986706680004446,0.38258629572385383,0.35891735137747716
Uruguay,57.92,Low,48.2,Moderate,68.57,High,98.04,Very High,47.39,Low,12.28,High,39.52,Moderate,43.49,Moderate,141.6,Moderate,0,South America,-0.6034803781151531,-0.23172036618713565,0.2285223367697593,0.9615983393876495,0.5063195781367708,0.9478492830943648,0.24636785162287478,0.2259062348960852
Us Virgin Islands,74.23,Moderate,40.06,Moderate,45.37,Moderate,76.8,High,99.27,Very High,11.78,Moderate,15.0,Very Low,15.27,Very Low,182.6,Very High,2,North America,-0.4866800343741047,-0.4252764237308285,-0.34094256259204725,0.5207057602490919,-0.3621829748053904,0.9500722463043236,0.7516743946419372,0.7714838086031901
Uzbekistan,44.66,Low,71.97,High,61.82,High,69.79,High,24.4,Very Low,13.08,High,34.3,Low,53.07,Moderate,133.78,Moderate,0,Asia,-0.6984388427384702,0.33349185590298425,0.06283750613647521,0.3751946030098601,0.8911860718171927,0.9442925419584306,0.3539412673879444,0.040695988400193395
Vanuatu,50.6,Low,58.35,Moderate,40.51,Moderate,83.54,Very High,45.02,Low,29.88,Very High,15.0,Very Low,40.14,Moderate,138.06,Moderate,4,Oceania,-0.6559008879977082,0.009630246106289597,-0.4602356406480118,0.6606123508043593,0.545994810412656,0.8696009781038123,0.7516743946419372,0.29067182213629783
Vatican City,96.82,High,46.18,Moderate,100.0,Very High,89.03,Very High,51.98,Low,10.59,Moderate,37.0,Very Low,46.32,Moderate,152.28,High,6,Europe,-0.32490690346605544,-0.2797527047913446,1.0000000000000002,0.7745718733783082,0.42948020423537303,0.9553628987440258,0.2982998454404946,0.1711938134364428
Venezuela,15.11,Very Low,19.26,Very Low,38.69,Low,84.09,Very High,35.85,Very Low,17.49,Very High,32.8,Low,75.3,High,89.24,Very Low,2,South America,-0.9100544256659981,-0.9198668410414932,-0.5049091801669121,0.6720290607161392,0.6995061521720934,0.9246860064465933,0.38485316846986095,-0.3890768487191878
Vietnam,44.49,Low,59.0,Moderate,61.32,High,71.24,High,26.85,Very Low,24.77,Very High,29.62,Low,84.19,Very High,97.18,Very Low,0,Asia,-0.6996562589515897,0.02508619664724776,0.05056455571919494,0.40529320186818873,0.8501715911944422,0.8923196621095921,0.45038639876352393,-0.5609473175447073
Wallis And Futuna,69.03,Moderate,55.75,Moderate,58.45,Moderate,77.9,High,46.37,Low,24.3,Very High,33.29,Very Low,56.92,Moderate,131.39,Moderate,9,Oceania,-0.523918647951876,-0.0521935560575435,-0.01988217967599404,0.5435391800726519,0.5233949945593037,0.8944092475269534,0.3747552807831015,-0.033736104398260025
Western Sahara,69.16,Moderate,62.87,High,55.49,Moderate,75.67,High,38.8,Very Low,12.75,High,26.92,Very Low,61.53,High,146.11,High,7,Africa,-0.5229876826124318,0.11710854832956841,-0.09253804614629346,0.49724961079398033,0.6501213693814348,0.9457596976770034,0.5060278207109737,-0.12286128564523913
Yemen,20.74,Very Low,34.07,Low,25.31,Low,68.95,High,48.66,Low,15.98,High,15.0,Very Low,83.17,Very High,65.74,Very Low,2,Asia,-0.8697364651962187,-0.567708952562121,-0.8333333333333334,0.35775817332641413,0.4850590106302839,0.9313993553406691,0.7516743946419372,-0.5412276462058965
Zambia,22.32,Very Low,54.39,Moderate,54.44,Moderate,62.23,High,36.74,Very Low,72.42,Very High,38.86,Moderate,80.9,Very High,72.3,Very Low,2,Africa,-0.8584216556860498,-0.08453216026631782,-0.11831124202258225,0.21826673585884793,0.6846070143132168,0.6804712682005112,0.25996908809891817,-0.4973417109714837
Zimbabwe,28.76,Very Low,39.31,Low,44.8,Moderate,96.76,Very High,35.36,Very Low,17.35,Very High,27.79,Low,78.53,High,94.2,Very Low,0,Africa,-0.8123030650243482,-0.4431102128165496,-0.35493372606774676,0.9350285417747797,0.7077090482966436,0.9253084361453818,0.4880989180834622,-0.4515224746254227
